"Date","Price","Open","High","Low","Vol.","Change %"
"01-01-2026","23,909.55","23,914.65","23,925.55","23,835.55","4.55B","0.16%"
"31-12-2025","23,871.55","23,710.45","23,921.45","23,709.55","5.27B","0.86%"
"30-12-2025","23,668.80","23,675.30","23,704.20","23,599.90","3.36B","-0.06%"
"29-12-2025","23,682.10","23,804.40","23,826.75","23,660.30","2.42B","-0.41%"
"26-12-2025","23,780.25","23,841.95","23,885.35","23,752.55","2.23B","-0.29%"
"24-12-2025","23,850.25","23,903.10","23,956.80","23,836.55","1.97B","-0.19%"
"23-12-2025","23,895.15","23,906.10","23,929.25","23,825.15","2.60B","0.12%"
"22-12-2025","23,867.65","23,760.95","23,878.65","23,743.25","2.52B","0.80%"
"19-12-2025","23,677.55","23,562.65","23,688.35","23,548.95","3.17B","0.79%"
"18-12-2025","23,491.50","23,469.80","23,553.25","23,363.50","2.34B","-0.02%"
"17-12-2025","23,496.05","23,597.60","23,635.05","23,449.50","2.06B","-0.31%"
"16-12-2025","23,570.15","23,676.80","23,687.35","23,542.55","2.09B","-0.65%"
"15-12-2025","23,725.20","23,654.00","23,735.70","23,591.30","2.43B","0.00%"
"12-12-2025","23,726.20","23,620.35","23,737.70","23,613.00","2.60B","0.74%"
"11-12-2025","23,550.85","23,421.90","23,562.15","23,344.25","2.44B","0.61%"
"10-12-2025","23,408.80","23,540.15","23,628.30","23,386.80","1.99B","-0.46%"
"09-12-2025","23,516.25","23,447.05","23,556.35","23,259.70","2.62B","-0.04%"
"08-12-2025","23,526.20","23,821.75","23,833.15","23,460.70","2.45B","-1.30%"
"05-12-2025","23,835.25","23,720.70","23,848.45","23,672.35","2.31B","0.40%"
"04-12-2025","23,741.10","23,718.10","23,820.45","23,680.25","2.64B","0.10%"
"03-12-2025","23,716.30","23,813.45","23,845.80","23,641.75","2.80B","-0.44%"
"02-12-2025","23,822.25","23,870.60","23,925.85","23,782.75","2.80B","-0.42%"
"01-12-2025","23,922.45","24,034.95","24,035.00","23,871.75","2.12B","-0.04%"
"28-11-2025","23,933.20","23,968.80","23,979.70","23,907.75","1.92B","-0.06%"
"27-11-2025","23,947.75","24,011.90","24,026.25","23,879.60","2.00B","-0.03%"
"26-11-2025","23,955.20","23,654.75","23,965.35","23,654.75","1.90B","1.27%"
"25-11-2025","23,655.05","23,700.55","23,745.50","23,635.80","2.05B","-0.08%"
"24-11-2025","23,674.55","23,827.25","23,835.20","23,642.55","2.96B","-0.49%"
"21-11-2025","23,790.25","23,917.50","23,938.30","23,776.30","2.30B","-0.77%"
"20-11-2025","23,975.45","23,984.40","24,032.10","23,918.80","2.96B","0.29%"
"19-11-2025","23,906.30","23,832.55","23,924.30","23,766.60","2.59B","0.34%"
"18-11-2025","23,824.65","23,970.45","23,973.05","23,800.95","2.11B","-0.54%"
"17-11-2025","23,954.55","23,889.55","23,964.75","23,863.55","2.65B","0.50%"
"14-11-2025","23,836.35","23,751.25","23,858.30","23,717.00","3.96B","0.09%"
"13-11-2025","23,816.00","23,867.65","23,935.10","23,793.65","3.02B","-0.09%"
"12-11-2025","23,836.90","23,796.95","23,874.85","23,766.20","2.78B","0.65%"
"11-11-2025","23,682.65","23,634.65","23,693.80","23,476.30","3.61B","0.36%"
"10-11-2025","23,596.90","23,545.35","23,658.85","23,542.10","2.08B","0.32%"
"07-11-2025","23,521.50","23,441.05","23,570.10","23,291.20","2.88B","0.04%"
"06-11-2025","23,513.15","23,683.35","23,713.40","23,501.05","2.62B","-0.69%"
"04-11-2025","23,675.45","23,811.30","23,829.70","23,660.20","3.13B","-0.57%"
"03-11-2025","23,810.70","23,711.95","23,840.10","23,695.15","386.03M","0.42%"
"31-10-2025","23,710.40","23,847.60","23,913.45","23,698.05","3.21B","-0.55%"
"30-10-2025","23,841.30","23,933.65","23,949.75","23,804.45","4.78B","-0.46%"
"29-10-2025","23,952.40","23,851.55","23,971.55","23,821.30","3.04B","0.59%"
"28-10-2025","23,812.55","23,844.75","23,907.55","23,717.05","3.40B","-0.12%"
"27-10-2025","23,840.90","23,742.70","23,856.30","23,723.40","4.71B","0.65%"
"24-10-2025","23,686.60","23,796.20","23,802.75","23,622.80","2.39B","-0.29%"
"23-10-2025","23,755.90","23,899.75","23,926.10","23,727.60","3.38B","-0.01%"
"21-10-2025","23,759.20","23,791.90","23,818.35","23,723.40","554.50M","0.18%"
"20-10-2025","23,716.10","23,699.35","23,766.55","23,654.75","2.37B","0.50%"
"17-10-2025","23,598.05","23,547.00","23,679.05","23,515.85","2.42B","0.15%"
"16-10-2025","23,563.80","23,443.30","23,592.85","23,428.15","2.25B","0.80%"
"15-10-2025","23,377.35","23,227.55","23,400.95","23,224.15","2.31B","0.83%"
"14-10-2025","23,184.05","23,349.75","23,374.00","23,121.50","2.35B","-0.48%"
"13-10-2025","23,294.80","23,245.05","23,315.65","23,201.55","2.62B","-0.18%"
"10-10-2025","23,337.55","23,247.45","23,374.25","23,220.05","2.82B","0.41%"
"09-10-2025","23,241.75","23,144.30","23,251.65","23,101.85","2.18B","0.57%"
"08-10-2025","23,109.35","23,197.95","23,265.20","23,087.90","2.55B","-0.43%"
"07-10-2025","23,209.50","23,191.35","23,275.10","23,170.85","2.96B","0.17%"
"06-10-2025","23,169.65","23,055.15","23,177.25","23,008.30","2.70B","0.62%"
"03-10-2025","23,027.70","22,905.10","23,037.50","22,874.15","2.49B","0.43%"
"01-10-2025","22,928.30","22,745.95","22,943.20","22,726.25","2.30B","0.85%"
"30-09-2025","22,734.10","22,793.65","22,829.20","22,669.30","2.18B","-0.02%"
"29-09-2025","22,739.10","22,783.90","22,865.10","22,677.00","2.71B","0.11%"
"26-09-2025","22,713.15","22,965.90","22,994.15","22,692.70","3.06B","-1.34%"
"25-09-2025","23,022.40","23,169.45","23,235.55","23,009.55","2.31B","-0.67%"
"24-09-2025","23,178.25","23,293.40","23,317.20","23,165.95","2.24B","-0.63%"
"23-09-2025","23,325.25","23,408.20","23,434.30","23,253.10","2.98B","-0.24%"
"22-09-2025","23,381.45","23,434.75","23,523.55","23,335.10","2.62B","-0.45%"
"19-09-2025","23,486.65","23,530.60","23,541.30","23,451.60","4.93B","-0.14%"
"18-09-2025","23,518.90","23,534.15","23,538.90","23,434.45","2.12B","0.31%"
"17-09-2025","23,445.20","23,419.10","23,464.40","23,395.75","2.27B","0.32%"
"16-09-2025","23,369.30","23,240.25","23,386.65","23,217.30","2.37B","0.66%"
"15-09-2025","23,215.85","23,213.15","23,249.20","23,182.05","3.31B","0.11%"
"12-09-2025","23,190.25","23,171.55","23,210.40","23,129.90","2.60B","0.38%"
"11-09-2025","23,102.65","23,073.45","23,128.55","23,065.70","2.15B","0.12%"
"10-09-2025","23,074.15","23,056.80","23,121.75","23,027.05","2.37B","0.54%"
"09-09-2025","22,949.10","22,949.55","22,964.05","22,893.05","2.01B","0.31%"
"08-09-2025","22,878.65","22,892.80","22,974.85","22,835.90","2.30B","0.22%"
"05-09-2025","22,829.15","22,891.75","22,916.00","22,718.50","3.45B","0.04%"
"04-09-2025","22,819.65","23,116.90","23,116.90","22,795.00","3.01B","-0.20%"
"03-09-2025","22,864.65","22,764.00","22,877.35","22,709.20","3.10B","0.62%"
"02-09-2025","22,724.40","22,758.20","22,858.20","22,678.45","2.72B","0.05%"
"01-09-2025","22,713.55","22,491.90","22,720.55","22,491.90","2.71B","1.12%"
"29-08-2025","22,462.95","22,524.15","22,624.70","22,443.80","2.88B","-0.35%"
"28-08-2025","22,541.65","22,762.25","22,762.25","22,529.60","2.92B","-1.00%"
"26-08-2025","22,768.65","22,994.85","23,013.05","22,746.75","4.45B","-1.23%"
"25-08-2025","23,052.00","23,069.30","23,106.90","23,022.10","2.75B","0.26%"
"22-08-2025","22,991.30","23,133.85","23,144.55","22,980.85","3.22B","-0.63%"
"21-08-2025","23,137.15","23,221.75","23,230.95","23,126.75","2.34B","-0.03%"
"20-08-2025","23,143.15","23,067.70","23,171.15","23,025.85","2.93B","0.33%"
"19-08-2025","23,066.60","22,959.50","23,077.10","22,908.15","2.33B","0.59%"
"18-08-2025","22,931.50","22,958.30","23,040.85","22,913.05","2.39B","1.11%"
"14-08-2025","22,680.25","22,713.65","22,754.15","22,646.70","2.06B","-0.08%"
"13-08-2025","22,698.10","22,655.15","22,733.80","22,624.45","2.09B","0.57%"
"12-08-2025","22,568.60","22,633.65","22,730.25","22,554.30","1.51B","-0.29%"
"11-08-2025","22,633.45","22,447.55","22,650.10","22,406.00","1.54B","0.85%"
"08-08-2025","22,443.15","22,680.90","22,690.35","22,419.70","1.71B","-1.11%"
"07-08-2025","22,694.10","22,563.40","22,726.90","22,425.85","2.05B","0.12%"
"06-08-2025","22,666.85","22,807.55","22,818.20","22,622.35","1.58B","-0.58%"
"05-08-2025","22,798.50","22,869.50","22,878.10","22,736.05","1.74B","-0.27%"
"04-08-2025","22,860.40","22,699.70","22,871.60","22,648.60","1.90B","0.82%"
"01-08-2025","22,673.65","22,901.60","22,917.85","22,646.75","2.22B","-1.05%"
"31-07-2025","22,914.95","22,804.20","23,071.25","22,802.15","2.21B","-0.51%"
"30-07-2025","23,033.55","23,064.25","23,070.35","22,959.45","1.70B","0.11%"
"29-07-2025","23,007.35","22,793.00","23,024.15","22,777.70","1.74B","0.70%"
"28-07-2025","22,846.95","22,967.40","23,094.85","22,818.15","2.03B","-0.73%"
"25-07-2025","23,014.80","23,255.25","23,255.25","22,993.00","2.20B","-1.23%"
"24-07-2025","23,301.10","23,447.35","23,449.40","23,257.60","1.97B","-0.54%"
"23-07-2025","23,428.40","23,382.40","23,435.55","23,296.00","2.00B","0.46%"
"22-07-2025","23,320.90","23,449.75","23,456.00","23,306.40","2.03B","-0.25%"
"21-07-2025","23,378.45","23,296.75","23,394.50","23,184.90","1.76B","0.44%"
"18-07-2025","23,275.15","23,430.00","23,449.45","23,240.85","1.97B","-0.62%"
"17-07-2025","23,419.70","23,507.65","23,514.70","23,409.05","2.20B","-0.22%"
"16-07-2025","23,472.50","23,458.90","23,502.90","23,403.50","2.86B","0.10%"
"15-07-2025","23,449.15","23,334.55","23,469.45","23,332.80","2.71B","0.60%"
"14-07-2025","23,309.05","23,290.15","23,329.20","23,200.10","4.00B","0.11%"
"11-07-2025","23,282.70","23,408.80","23,462.35","23,256.30","2.23B","-0.80%"
"10-07-2025","23,471.40","23,595.85","23,605.50","23,444.95","2.02B","-0.37%"
"09-07-2025","23,557.45","23,576.45","23,613.90","23,513.85","2.35B","-0.06%"
"08-07-2025","23,572.55","23,540.60","23,600.35","23,469.95","2.93B","0.09%"
"07-07-2025","23,551.20","23,561.60","23,595.30","23,506.50","2.42B","-0.05%"
"04-07-2025","23,562.45","23,553.45","23,570.90","23,448.90","1.88B","0.17%"
"03-07-2025","23,521.85","23,591.80","23,647.10","23,503.55","2.36B","-0.11%"
"02-07-2025","23,547.25","23,653.05","23,669.30","23,463.85","2.62B","-0.29%"
"01-07-2025","23,615.45","23,659.75","23,669.95","23,558.90","2.56B","-0.01%"
"30-06-2025","23,617.20","23,672.35","23,677.55","23,563.00","2.46B","-0.01%"
"27-06-2025","23,620.15","23,566.70","23,644.35","23,538.55","3.42B","0.44%"
"26-06-2025","23,517.55","23,341.20","23,529.65","23,319.85","2.92B","0.95%"
"25-06-2025","23,296.85","23,216.15","23,303.65","23,190.85","3.04B","0.79%"
"24-06-2025","23,113.20","23,212.30","23,307.95","23,074.25","3.10B","0.49%"
"23-06-2025","23,001.50","22,880.35","23,063.35","22,837.80","2.08B","-0.17%"
"20-06-2025","23,041.10","22,760.65","23,064.70","22,760.60","3.24B","1.22%"
"19-06-2025","22,763.50","22,921.60","22,973.15","22,712.55","2.39B","-0.71%"
"18-06-2025","22,925.20","22,937.75","23,066.85","22,868.35","1.95B","-0.24%"
"17-06-2025","22,981.50","23,126.80","23,128.50","22,959.15","2.95B","-0.49%"
"16-06-2025","23,095.05","22,914.85","23,106.70","22,789.40","2.35B","0.82%"
"13-06-2025","22,906.20","22,631.70","22,932.25","22,631.70","2.55B","-0.61%"
"12-06-2025","23,046.45","23,363.50","23,370.30","23,009.65","2.58B","-1.25%"
"11-06-2025","23,337.85","23,376.60","23,423.60","23,271.40","3.58B","-0.01%"
"10-06-2025","23,339.95","23,422.30","23,423.80","23,287.35","3.08B","0.04%"
"09-06-2025","23,330.55","23,308.65","23,335.35","23,254.55","3.18B","0.71%"
"06-06-2025","23,165.10","22,962.00","23,180.35","22,891.60","2.92B","1.01%"
"05-06-2025","22,934.50","22,879.20","23,026.30","22,828.85","2.55B","0.56%"
"04-06-2025","22,807.85","22,742.20","22,823.95","22,667.90","3.15B","0.43%"
"03-06-2025","22,711.30","22,906.20","22,946.15","22,691.25","4.54B","-0.54%"
"02-06-2025","22,834.50","22,758.60","22,863.35","22,664.15","3.89B","0.14%"
"30-05-2025","22,801.95","22,868.25","22,912.30","22,759.15","5.21B","-0.26%"
"29-05-2025","22,861.35","22,859.45","22,899.15","22,750.15","2.62B","0.36%"
"28-05-2025","22,779.40","22,843.25","22,871.20","22,765.70","3.30B","-0.16%"
"27-05-2025","22,816.50","22,895.05","22,963.10","22,721.80","2.47B","-0.40%"
"26-05-2025","22,908.30","22,852.70","22,970.70","22,845.40","2.49B","0.56%"
"23-05-2025","22,781.05","22,628.75","22,813.25","22,580.80","2.55B","0.82%"
"22-05-2025","22,595.00","22,674.00","22,675.35","22,464.45","2.45B","-0.60%"
"21-05-2025","22,730.65","22,632.40","22,811.95","22,577.40","2.42B","0.64%"
"20-05-2025","22,585.60","22,942.65","22,958.60","22,565.55","2.87B","-1.23%"
"19-05-2025","22,865.80","22,896.25","22,965.05","22,827.65","3.86B","-0.02%"
"16-05-2025","22,870.90","22,825.55","22,885.35","22,750.35","3.21B","0.36%"
"15-05-2025","22,788.80","22,547.05","22,814.10","22,408.65","2.88B","1.29%"
"14-05-2025","22,499.50","22,402.65","22,544.90","22,366.40","2.54B","0.67%"
"13-05-2025","22,349.40","22,491.50","22,575.70","22,317.50","2.59B","-0.72%"
"12-05-2025","22,511.40","22,149.40","22,525.00","22,126.40","2.95B","3.86%"
"09-05-2025","21,675.55","21,463.75","21,716.05","21,463.75","2.86B","-0.77%"
"08-05-2025","21,843.05","22,109.35","22,145.20","21,730.55","2.46B","-1.04%"
"07-05-2025","22,072.45","21,756.80","22,084.70","21,752.90","2.39B","0.53%"
"06-05-2025","21,956.60","22,235.60","22,244.50","21,916.90","2.38B","-1.07%"
"05-05-2025","22,195.15","22,086.25","22,209.95","22,070.95","1.82B","0.86%"
"02-05-2025","22,006.00","22,009.95","22,238.90","21,920.85","2.11B","-0.11%"
"30-04-2025","22,030.05","22,119.20","22,175.00","21,920.55","2.19B","-0.37%"
"29-04-2025","22,112.40","22,160.75","22,255.90","22,084.55","2.19B","0.05%"
"28-04-2025","22,101.85","21,843.45","22,125.45","21,841.40","2.03B","1.16%"
"25-04-2025","21,848.15","22,220.30","22,271.85","21,661.60","4.10B","-1.50%"
"24-04-2025","22,180.65","22,217.65","22,270.15","22,155.40","2.43B","-0.26%"
"23-04-2025","22,237.60","22,238.60","22,263.85","21,988.35","2.63B","0.69%"
"22-04-2025","22,085.15","22,072.00","22,157.95","21,953.40","2.84B","0.36%"
"21-04-2025","22,005.75","21,787.05","22,033.75","21,732.45","3.32B","1.50%"
"17-04-2025","21,681.55","21,379.35","21,704.10","21,296.35","2.45B","1.30%"
"16-04-2025","21,404.35","21,302.75","21,414.85","21,246.40","2.31B","0.59%"
"15-04-2025","21,279.40","21,199.05","21,302.75","21,067.60","2.31B","2.54%"
"11-04-2025","20,752.85","20,684.85","20,817.50","20,629.00","2.22B","1.95%"
"09-04-2025","20,356.75","20,422.95","20,423.25","20,252.35","2.07B","-0.61%"
"08-04-2025","20,480.80","20,430.10","20,588.40","20,227.15","2.41B","1.87%"
"07-04-2025","20,105.70","19,524.25","20,189.35","19,519.85","3.19B","-3.36%"
"04-04-2025","20,805.35","21,199.20","21,212.10","20,736.80","2.54B","-2.06%"
"03-04-2025","21,243.40","21,100.55","21,263.45","21,096.75","2.44B","-0.10%"
"02-04-2025","21,265.65","21,101.85","21,279.10","21,007.15","2.57B","0.92%"
"01-04-2025","21,070.75","21,227.10","21,398.35","21,042.45","3.89B","-1.26%"
"28-03-2025","21,339.55","21,439.20","21,514.10","21,277.90","2.77B","-0.32%"
"27-03-2025","21,407.95","21,218.40","21,447.90","21,195.70","4.35B","0.62%"
"26-03-2025","21,275.45","21,464.95","21,525.60","21,255.70","2.44B","-0.76%"
"25-03-2025","21,437.75","21,652.85","21,674.05","21,385.80","2.44B","-0.47%"
"24-03-2025","21,538.10","21,427.20","21,595.85","21,346.80","2.61B","1.24%"
"21-03-2025","21,273.90","21,065.25","21,297.00","21,031.45","3.56B","0.97%"
"20-03-2025","21,070.05","20,989.35","21,092.20","20,873.55","2.32B","0.99%"
"19-03-2025","20,864.50","20,713.25","20,895.25","20,664.00","2.75B","1.00%"
"18-03-2025","20,657.20","20,418.55","20,676.95","20,370.20","1.95B","1.82%"
"17-03-2025","20,288.30","20,166.60","20,358.25","20,166.50","1.67B","0.56%"
"13-03-2025","20,176.05","20,337.85","20,357.30","20,157.50","1.79B","-0.44%"
"12-03-2025","20,264.35","20,351.90","20,397.95","20,108.70","2.15B","-0.19%"
"11-03-2025","20,302.50","20,122.55","20,333.75","20,073.40","2.01B","0.18%"
"10-03-2025","20,266.50","20,434.95","20,543.70","20,230.65","2.00B","-0.87%"
"07-03-2025","20,443.40","20,428.15","20,549.20","20,377.60","2.02B","-0.02%"
"06-03-2025","20,447.10","20,411.45","20,467.15","20,262.75","2.07B","0.94%"
"05-03-2025","20,256.50","19,901.60","20,265.05","19,901.60","2.16B","1.70%"
"04-03-2025","19,917.85","19,736.05","19,957.50","19,681.65","2.09B","0.11%"
"03-03-2025","19,896.95","19,935.55","19,997.05","19,658.30","2.36B","0.08%"
"28-02-2025","19,880.90","20,185.40","20,197.85","19,816.00","3.03B","-2.14%"
"27-02-2025","20,315.55","20,436.50","20,471.85","20,278.65","1.92B","-0.51%"
"25-02-2025","20,418.75","20,445.55","20,548.90","20,388.75","1.45B","-0.24%"
"24-02-2025","20,468.45","20,510.95","20,546.05","20,429.30","1.44B","-1.07%"
"21-02-2025","20,690.25","20,792.05","20,903.35","20,616.60","1.84B","-0.68%"
"20-02-2025","20,831.10","20,645.70","20,840.35","20,630.20","1.65B","0.48%"
"19-02-2025","20,731.45","20,511.20","20,802.55","20,459.20","1.79B","0.58%"
"18-02-2025","20,611.40","20,663.60","20,692.30","20,466.75","1.72B","-0.20%"
"17-02-2025","20,652.35","20,511.05","20,667.55","20,339.00","2.00B","0.09%"
"14-02-2025","20,633.10","20,964.60","20,984.70","20,476.65","2.05B","-1.30%"
"13-02-2025","20,904.35","20,926.00","21,122.00","20,866.50","2.13B","-0.02%"
"12-02-2025","20,907.85","20,924.15","21,002.00","20,545.75","2.54B","-0.20%"
"11-02-2025","20,950.45","21,366.25","21,376.45","20,860.60","1.78B","-1.97%"
"10-02-2025","21,371.30","21,636.20","21,659.25","21,301.85","1.47B","-1.27%"
"07-02-2025","21,646.15","21,703.75","21,765.15","21,521.75","2.11B","-0.12%"
"06-02-2025","21,672.45","21,860.10","21,870.90","21,620.15","1.57B","-0.51%"
"05-02-2025","21,784.25","21,797.70","21,870.40","21,763.70","1.97B","0.26%"
"04-02-2025","21,727.45","21,551.40","21,743.55","21,474.45","2.15B","1.52%"
"03-02-2025","21,402.55","21,422.85","21,445.95","21,286.70","2.26B","-0.83%"
"01-02-2025","21,581.75","21,628.65","21,713.95","21,388.20","3.02B","0.00%"
"31-01-2025","21,580.90","21,339.35","21,613.00","21,310.30","2.25B","1.33%"
"30-01-2025","21,297.50","21,282.10","21,404.20","21,209.60","2.00B","0.24%"
"29-01-2025","21,245.50","20,971.40","21,259.85","20,968.35","1.86B","1.53%"
"28-01-2025","20,924.75","21,009.20","21,100.45","20,757.90","2.49B","0.07%"
"27-01-2025","20,910.95","21,158.85","21,163.00","20,861.15","2.30B","-1.91%"
"24-01-2025","21,318.90","21,533.05","21,611.20","21,279.00","1.75B","-1.02%"
"23-01-2025","21,538.05","21,377.80","21,595.00","21,338.95","1.84B","0.66%"
"22-01-2025","21,396.55","21,484.45","21,500.30","21,178.80","2.09B","-0.17%"
"21-01-2025","21,433.20","21,855.10","21,863.05","21,411.30","2.33B","-1.72%"
"20-01-2025","21,809.00","21,769.95","21,848.95","21,628.50","3.51B","0.59%"
"17-01-2025","21,680.25","21,699.45","21,730.85","21,563.80","2.01B","-0.16%"
"16-01-2025","21,714.55","21,734.40","21,776.35","21,687.45","2.24B","0.76%"
"15-01-2025","21,551.20","21,572.45","21,634.60","21,445.40","3.09B","0.33%"
"14-01-2025","21,481.05","21,328.00","21,528.70","21,325.00","2.55B","1.12%"
"13-01-2025","21,243.45","21,557.00","21,630.55","21,194.45","2.61B","-2.55%"
"10-01-2025","21,799.00","22,049.40","22,075.40","21,738.45","1.97B","-1.12%"
"09-01-2025","22,046.55","22,231.05","22,239.20","22,028.50","1.69B","-0.83%"
"08-01-2025","22,231.80","22,378.15","22,384.25","22,065.20","1.90B","-0.49%"
"07-01-2025","22,341.65","22,278.15","22,435.50","22,247.75","1.93B","0.52%"
"06-01-2025","22,225.40","22,753.65","22,757.40","22,163.55","2.50B","-2.13%"
"03-01-2025","22,708.15","22,850.10","22,867.85","22,681.30","2.20B","-0.49%"
"02-01-2025","22,819.75","22,521.75","22,833.35","22,482.70","1.85B","1.50%"
"01-01-2025","22,481.80","22,375.85","22,518.70","22,313.75","1.47B","0.48%"
"31-12-2024","22,375.40","22,273.70","22,414.45","22,160.15","2.07B","0.08%"
"30-12-2024","22,357.15","22,438.15","22,522.40","22,266.15","3.00B","-0.39%"
"27-12-2024","22,445.20","22,473.90","22,555.45","22,435.55","1.17B","0.07%"
"26-12-2024","22,430.35","22,444.70","22,492.30","22,324.60","1.42B","0.12%"
"24-12-2024","22,402.70","22,431.60","22,516.30","22,340.10","1.35B","-0.04%"
"23-12-2024","22,412.30","22,446.60","22,535.20","22,331.50","1.58B","0.42%"
"20-12-2024","22,319.40","22,783.65","22,855.00","22,279.90","2.58B","-1.90%"
"19-12-2024","22,752.15","22,594.95","22,782.25","22,590.00","1.72B","-0.79%"
"18-12-2024","22,934.40","23,076.95","23,125.55","22,876.70","1.78B","-0.70%"
"17-12-2024","23,095.75","23,308.90","23,349.10","23,067.30","1.92B","-1.10%"
"16-12-2024","23,352.45","23,370.55","23,417.65","23,281.20","1.49B","-0.03%"
"13-12-2024","23,358.95","23,208.35","23,378.55","22,879.90","2.15B","0.44%"
"12-12-2024","23,256.40","23,348.70","23,386.25","23,242.75","1.96B","-0.44%"
"11-12-2024","23,358.15","23,326.70","23,394.20","23,301.15","1.76B","0.19%"
"10-12-2024","23,314.90","23,328.80","23,341.35","23,216.25","2.17B","0.10%"
"09-12-2024","23,292.00","23,289.40","23,351.90","23,243.30","2.28B","-0.09%"
"06-12-2024","23,312.10","23,315.80","23,358.20","23,221.70","2.47B","0.15%"
"05-12-2024","23,277.95","23,183.30","23,357.10","22,993.85","2.79B","0.77%"
"04-12-2024","23,099.50","23,075.95","23,149.90","22,978.85","2.70B","0.34%"
"03-12-2024","23,020.85","22,922.60","23,029.55","22,876.80","2.17B","0.81%"
"02-12-2024","22,835.85","22,695.40","22,843.50","22,603.10","1.83B","0.66%"
"29-11-2024","22,687.00","22,537.80","22,733.75","22,531.90","2.47B","0.77%"
"28-11-2024","22,514.35","22,722.30","22,821.75","22,472.25","3.03B","-0.78%"
"27-11-2024","22,691.70","22,594.20","22,732.10","22,526.10","2.78B","0.57%"
"26-11-2024","22,562.45","22,649.30","22,675.70","22,523.00","3.25B","0.04%"
"25-11-2024","22,553.50","22,578.65","22,676.25","22,510.80","3.71B","1.48%"
"22-11-2024","22,225.55","21,864.65","22,260.15","21,819.20","2.30B","1.85%"
"21-11-2024","21,820.85","21,947.75","21,954.20","21,692.80","2.64B","-0.83%"
"19-11-2024","22,004.35","21,977.65","22,233.40","21,948.45","1.90B","0.48%"
"18-11-2024","21,899.40","22,045.90","22,049.15","21,787.35","2.06B","-0.29%"
"14-11-2024","21,963.10","21,924.10","22,096.85","21,907.55","1.91B","0.22%"
"13-11-2024","21,914.95","22,263.00","22,309.80","21,867.70","2.33B","-1.86%"
"12-11-2024","22,331.05","22,664.20","22,721.90","22,286.85","1.71B","-1.15%"
"11-11-2024","22,591.40","22,590.10","22,770.55","22,478.70","2.01B","-0.24%"
"08-11-2024","22,645.65","22,821.90","22,857.10","22,600.25","1.92B","-0.70%"
"07-11-2024","22,806.25","23,067.15","23,073.55","22,793.90","2.04B","-0.98%"
"06-11-2024","23,031.20","22,782.20","23,052.20","22,720.30","2.16B","1.55%"
"05-11-2024","22,679.85","22,458.30","22,697.50","22,343.95","2.14B","0.72%"
"04-11-2024","22,518.30","22,831.80","22,832.65","22,362.65","2.26B","-1.34%"
"01-11-2024","22,823.55","22,806.95","22,881.50","22,799.70","604.29M","0.59%"
"31-10-2024","22,689.35","22,758.60","22,779.50","22,621.10","2.44B","-0.27%"
"30-10-2024","22,749.80","22,731.15","22,896.55","22,685.40","2.79B","-0.20%"
"29-10-2024","22,795.05","22,670.80","22,808.80","22,450.00","2.32B","0.64%"
"28-10-2024","22,649.95","22,548.70","22,756.05","22,407.00","2.91B","0.67%"
"25-10-2024","22,499.05","22,819.80","22,839.20","22,362.80","2.62B","-1.27%"
"24-10-2024","22,787.85","22,841.85","22,893.20","22,747.55","1.95B","-0.23%"
"23-10-2024","22,841.10","22,751.80","22,989.05","22,673.30","2.61B","0.12%"
"22-10-2024","22,814.45","23,277.10","23,306.20","22,789.70","2.42B","-1.93%"
"21-10-2024","23,263.25","23,527.60","23,559.05","23,224.55","2.02B","-0.76%"
"18-10-2024","23,440.70","23,285.65","23,471.20","23,120.95","1.95B","0.27%"
"17-10-2024","23,377.00","23,717.30","23,720.15","23,366.00","1.78B","-1.25%"
"16-10-2024","23,673.15","23,702.85","23,768.15","23,588.80","1.74B","-0.26%"
"15-10-2024","23,735.70","23,800.40","23,814.95","23,662.30","1.78B","0.04%"
"14-10-2024","23,727.05","23,670.50","23,740.20","23,646.10","1.68B","0.49%"
"11-10-2024","23,611.25","23,608.30","23,654.00","23,546.30","1.71B","0.06%"
"10-10-2024","23,598.15","23,695.55","23,755.50","23,580.60","1.94B","-0.01%"
"09-10-2024","23,599.60","23,600.10","23,797.45","23,570.70","2.59B","0.37%"
"08-10-2024","23,512.55","23,175.20","23,544.80","23,106.50","2.56B","1.43%"
"07-10-2024","23,181.95","23,616.35","23,659.65","23,089.50","3.04B","-1.50%"
"04-10-2024","23,534.95","23,704.95","23,920.30","23,483.40","2.62B","-0.93%"
"03-10-2024","23,755.45","23,931.85","24,122.00","23,713.00","2.73B","-2.13%"
"01-10-2024","24,271.30","24,248.50","24,329.45","24,191.05","2.21B","0.11%"
"30-09-2024","24,245.20","24,410.00","24,456.10","24,217.40","2.61B","-1.00%"
"27-09-2024","24,489.55","24,529.55","24,573.40","24,469.00","4.20B","-0.03%"
"26-09-2024","24,496.90","24,399.15","24,512.65","24,338.40","3.10B","0.52%"
"25-09-2024","24,371.25","24,377.25","24,394.35","24,268.50","2.93B","-0.08%"
"24-09-2024","24,389.70","24,390.05","24,429.00","24,353.75","2.60B","0.04%"
"23-09-2024","24,379.20","24,294.80","24,393.70","24,262.30","3.57B","0.77%"
"20-09-2024","24,193.80","23,956.55","24,243.15","23,885.00","4.24B","1.42%"
"19-09-2024","23,853.95","24,012.30","24,078.00","23,702.00","4.51B","-0.19%"
"18-09-2024","23,898.65","23,972.55","24,000.30","23,800.85","1.86B","-0.30%"
"17-09-2024","23,969.90","24,008.25","24,008.25","23,912.55","1.62B","0.01%"
"16-09-2024","23,968.20","24,006.15","24,026.00","23,917.50","1.72B","0.17%"
"13-09-2024","23,928.20","23,966.50","23,966.55","23,885.20","2.06B","0.09%"
"12-09-2024","23,907.35","23,680.00","23,934.60","23,593.60","2.37B","1.60%"
"11-09-2024","23,531.25","23,665.10","23,723.05","23,498.15","2.31B","-0.48%"
"10-09-2024","23,643.65","23,591.85","23,712.95","23,531.65","2.23B","0.60%"
"09-09-2024","23,502.15","23,452.85","23,526.55","23,294.45","2.36B","0.10%"
"06-09-2024","23,477.70","23,746.00","23,794.35","23,434.90","3.87B","-1.20%"
"05-09-2024","23,762.80","23,821.00","23,836.35","23,749.05","2.32B","0.06%"
"04-09-2024","23,748.90","23,611.80","23,761.40","23,605.35","2.06B","-0.17%"
"03-09-2024","23,788.45","23,817.00","23,817.55","23,771.20","1.81B","0.12%"
"02-09-2024","23,760.70","23,835.20","23,835.20","23,693.65","2.52B","0.11%"
"30-08-2024","23,734.55","23,728.55","23,766.40","23,673.95","7.02B","0.44%"
"29-08-2024","23,631.40","23,618.25","23,664.35","23,494.45","2.98B","0.07%"
"28-08-2024","23,615.95","23,646.80","23,679.35","23,547.25","2.45B","0.05%"
"27-08-2024","23,604.85","23,592.00","23,633.20","23,555.55","2.21B","0.18%"
"26-08-2024","23,561.75","23,514.30","23,579.75","23,466.75","2.00B","0.61%"
"23-08-2024","23,418.65","23,485.30","23,496.85","23,401.00","2.34B","-0.09%"
"22-08-2024","23,440.70","23,467.15","23,474.85","23,408.95","2.19B","0.31%"
"21-08-2024","23,368.65","23,283.75","23,383.20","23,256.25","2.23B","0.38%"
"20-08-2024","23,280.35","23,223.60","23,292.70","23,175.40","2.17B","0.61%"
"19-08-2024","23,139.75","23,174.20","23,195.60","23,104.10","2.13B","0.36%"
"16-08-2024","23,056.50","22,846.10","23,071.75","22,750.30","2.05B","1.69%"
"14-08-2024","22,672.65","22,765.65","22,778.95","22,599.95","2.36B","-0.15%"
"13-08-2024","22,705.80","22,952.70","22,962.75","22,684.45","2.76B","-0.92%"
"12-08-2024","22,915.85","22,862.90","22,993.25","22,753.75","2.53B","-0.03%"
"09-08-2024","22,923.50","22,948.15","22,982.45","22,869.40","2.11B","0.96%"
"08-08-2024","22,705.70","22,842.00","22,905.60","22,676.00","2.44B","-0.63%"
"07-08-2024","22,848.90","22,773.45","22,870.85","22,650.80","2.46B","1.81%"
"06-08-2024","22,443.30","22,696.95","22,910.75","22,406.05","2.70B","-0.44%"
"05-08-2024","22,542.45","22,772.55","22,868.35","22,397.70","4.02B","-3.08%"
"02-08-2024","23,259.45","23,296.10","23,395.10","23,225.65","3.09B","-1.05%"
"01-08-2024","23,506.60","23,608.85","23,637.75","23,429.55","2.92B","-0.10%"
"31-07-2024","23,530.80","23,495.85","23,556.00","23,459.60","3.21B","0.38%"
"30-07-2024","23,440.90","23,421.20","23,530.00","23,381.35","3.00B","0.20%"
"29-07-2024","23,394.20","23,423.15","23,496.40","23,326.05","3.61B","0.44%"
"26-07-2024","23,292.05","22,970.40","23,306.75","22,965.50","3.45B","1.64%"
"25-07-2024","22,917.25","22,753.20","22,938.65","22,732.20","3.44B","-0.02%"
"24-07-2024","22,921.45","22,856.85","22,965.45","22,816.75","3.15B","0.25%"
"23-07-2024","22,865.20","23,022.80","23,031.95","22,307.20","4.56B","-0.34%"
"22-07-2024","22,942.65","22,761.50","23,001.05","22,667.75","2.96B","0.39%"
"19-07-2024","22,853.60","23,232.50","23,232.50","22,833.00","3.02B","-1.54%"
"18-07-2024","23,210.05","23,167.65","23,233.85","22,993.55","3.56B","0.02%"
"16-07-2024","23,204.25","23,258.20","23,288.05","23,181.35","3.43B","-0.02%"
"15-07-2024","23,209.85","23,188.80","23,234.30","23,081.30","3.43B","0.50%"
"12-07-2024","23,095.45","23,086.25","23,189.40","23,021.40","3.54B","0.39%"
"11-07-2024","23,005.25","23,059.95","23,063.10","22,904.30","3.38B","0.12%"
"10-07-2024","22,977.65","23,124.15","23,125.30","22,685.65","3.30B","-0.39%"
"09-07-2024","23,067.35","23,035.05","23,082.35","22,974.95","3.26B","0.42%"
"08-07-2024","22,971.15","23,029.35","23,040.75","22,897.95","3.70B","-0.07%"
"05-07-2024","22,987.65","22,878.50","23,011.80","22,838.20","4.13B","0.32%"
"04-07-2024","22,914.20","22,937.60","22,962.80","22,866.70","3.07B","0.28%"
"03-07-2024","22,851.20","22,820.55","22,871.65","22,764.10","3.15B","0.76%"
"02-07-2024","22,677.80","22,806.30","22,810.65","22,592.20","2.90B","-0.22%"
"01-07-2024","22,727.60","22,580.40","22,739.70","22,570.40","2.75B","0.74%"
"28-06-2024","22,559.70","22,592.25","22,673.65","22,537.70","4.30B","0.10%"
"27-06-2024","22,537.40","22,459.90","22,571.65","22,395.90","4.30B","0.45%"
"26-06-2024","22,436.80","22,379.50","22,464.85","22,309.50","3.83B","0.30%"
"25-06-2024","22,370.65","22,349.75","22,391.75","22,287.10","2.65B","0.37%"
"24-06-2024","22,289.10","22,150.65","22,309.10","22,073.65","3.22B","0.24%"
"21-06-2024","22,236.20","22,392.60","22,393.30","22,186.20","4.82B","-0.31%"
"20-06-2024","22,305.10","22,293.55","22,333.60","22,182.20","3.47B","0.36%"
"19-06-2024","22,224.90","22,406.30","22,406.30","22,127.25","5.22B","-0.47%"
"18-06-2024","22,329.60","22,323.55","22,338.15","22,253.35","3.24B","0.52%"
"14-06-2024","22,214.30","22,148.25","22,229.40","22,054.15","3.42B","0.63%"
"13-06-2024","22,074.30","22,120.75","22,120.80","21,992.15","3.12B","0.52%"
"12-06-2024","21,960.95","21,935.20","22,023.90","21,904.70","3.55B","0.50%"
"11-06-2024","21,852.00","21,856.35","21,961.45","21,782.35","4.47B","0.20%"
"10-06-2024","21,808.25","21,844.30","21,930.50","21,758.30","3.71B","0.20%"
"07-06-2024","21,764.15","21,390.20","21,781.35","21,333.50","3.73B","1.87%"
"06-06-2024","21,365.00","21,253.70","21,462.80","21,193.20","3.84B","1.48%"
"05-06-2024","21,054.40","20,570.75","21,092.15","20,116.60","5.52B","3.59%"
"04-06-2024","20,323.85","21,753.35","21,753.35","19,624.25","9.29B","-6.76%"
"03-06-2024","21,797.40","21,926.60","21,926.60","21,629.30","5.21B","3.29%"
"31-05-2024","21,103.30","21,129.35","21,177.25","21,003.00","6.42B","0.31%"
"30-05-2024","21,038.55","21,201.80","21,262.85","20,983.95","3.53B","-1.02%"
"29-05-2024","21,256.30","21,288.35","21,356.15","21,243.20","2.53B","-0.61%"
"28-05-2024","21,387.35","21,542.50","21,558.15","21,345.35","2.85B","-0.49%"
"27-05-2024","21,493.00","21,573.80","21,613.60","21,439.15","3.60B","0.04%"
"24-05-2024","21,483.75","21,483.00","21,567.45","21,444.95","5.24B","-0.03%"
"23-05-2024","21,489.55","21,280.05","21,505.25","21,249.15","3.43B","1.19%"
"22-05-2024","21,237.75","21,255.20","21,261.75","21,103.20","2.97B","0.24%"
"21-05-2024","21,187.65","21,114.65","21,224.70","21,068.85","3.54B","0.20%"
"18-05-2024","21,144.45","21,131.45","21,156.45","21,115.80","482.89M","0.38%"
"17-05-2024","21,064.55","20,967.40","21,078.65","20,934.45","2.67B","0.65%"
"16-05-2024","20,929.05","20,846.85","20,950.55","20,667.80","2.47B","0.90%"
"15-05-2024","20,741.85","20,744.50","20,811.25","20,681.90","2.17B","0.28%"
"14-05-2024","20,683.80","20,544.35","20,709.75","20,508.00","2.61B","0.84%"
"13-05-2024","20,511.00","20,471.65","20,540.25","20,184.10","2.40B","0.20%"
"10-05-2024","20,469.10","20,398.00","20,482.05","20,299.10","2.25B","0.61%"
"09-05-2024","20,344.80","20,681.10","20,736.25","20,318.90","2.63B","-1.74%"
"08-05-2024","20,704.90","20,586.80","20,768.75","20,516.25","2.70B","0.33%"
"07-05-2024","20,636.05","20,911.35","20,914.90","20,548.80","3.75B","-1.10%"
"06-05-2024","20,864.95","21,044.10","21,048.95","20,805.05","3.09B","-0.45%"
"03-05-2024","20,959.55","21,193.45","21,208.70","20,830.65","4.06B","-0.59%"
"02-05-2024","21,083.60","21,010.45","21,126.10","21,009.35","3.29B","0.41%"
"30-04-2024","20,997.20","21,052.35","21,146.50","20,971.85","3.68B","0.02%"
"29-04-2024","20,992.20","20,911.10","21,002.10","20,847.85","4.11B","0.73%"
"26-04-2024","20,839.35","20,926.40","20,941.10","20,814.50","6.61B","-0.14%"
"25-04-2024","20,867.90","20,690.85","20,894.00","20,686.70","4.47B","0.66%"
"24-04-2024","20,730.65","20,723.20","20,772.55","20,710.20","3.70B","0.38%"
"23-04-2024","20,652.65","20,687.90","20,689.75","20,621.55","4.89B","0.38%"
"22-04-2024","20,574.85","20,566.20","20,604.10","20,468.10","3.70B","0.93%"
"19-04-2024","20,385.20","20,178.25","20,428.40","20,038.35","2.72B","0.30%"
"18-04-2024","20,324.70","20,515.15","20,617.10","20,291.15","2.96B","-0.48%"
"16-04-2024","20,423.00","20,361.25","20,495.20","20,326.25","3.11B","-0.27%"
"15-04-2024","20,478.75","20,493.30","20,623.80","20,362.30","3.20B","-1.29%"
"12-04-2024","20,745.50","20,873.20","20,931.40","20,735.15","3.26B","-0.81%"
"10-04-2024","20,915.20","20,864.55","20,933.85","20,822.85","2.57B","0.60%"
"09-04-2024","20,790.70","20,912.75","20,912.75","20,741.50","2.28B","-0.14%"
"08-04-2024","20,819.10","20,806.85","20,866.10","20,768.50","2.75B","0.50%"
"05-04-2024","20,715.10","20,654.75","20,730.15","20,609.90","2.83B","0.24%"
"04-04-2024","20,664.65","20,755.35","20,772.40","20,537.50","3.31B","0.29%"
"03-04-2024","20,605.70","20,528.20","20,657.90","20,496.55","3.03B","0.17%"
"02-04-2024","20,569.75","20,524.15","20,579.25","20,481.85","2.81B","0.38%"
"01-04-2024","20,492.55","20,392.25","20,504.50","20,387.05","2.48B","1.17%"
"28-03-2024","20,255.15","20,150.35","20,380.50","20,146.15","2.65B","0.83%"
"27-03-2024","20,087.80","20,063.00","20,174.40","20,063.00","2.82B","0.41%"
"26-03-2024","20,005.25","19,895.55","20,044.50","19,895.30","2.34B","0.05%"
"22-03-2024","19,994.60","19,855.00","20,048.60","19,806.70","2.60B","0.49%"
"21-03-2024","19,897.40","19,790.85","19,916.45","19,790.85","2.21B","1.35%"
"20-03-2024","19,632.05","19,651.70","19,697.45","19,465.85","2.15B","0.11%"
"19-03-2024","19,610.55","19,785.80","19,798.95","19,594.10","2.13B","-1.17%"
"18-03-2024","19,843.10","19,804.30","19,894.45","19,709.20","2.24B","0.09%"
"15-03-2024","19,825.20","19,867.75","19,942.40","19,671.15","4.16B","-0.46%"
"14-03-2024","19,916.35","19,598.40","19,933.90","19,514.70","3.82B","1.37%"
"13-03-2024","19,646.30","20,236.80","20,247.90","19,549.50","4.15B","-2.60%"
"12-03-2024","20,171.40","20,299.80","20,326.25","20,135.30","2.43B","-0.58%"
"11-03-2024","20,288.75","20,478.75","20,483.25","20,264.30","2.28B","-0.71%"
"07-03-2024","20,434.80","20,413.65","20,471.35","20,384.50","2.43B","0.27%"
"06-03-2024","20,379.55","20,368.75","20,396.75","20,139.35","3.55B","-0.01%"
"05-03-2024","20,382.00","20,422.30","20,440.40","20,328.00","2.71B","-0.24%"
"04-03-2024","20,432.05","20,456.75","20,482.60","20,383.15","2.54B","0.05%"
"02-03-2024","20,421.35","20,419.55","20,446.80","20,400.20","330.59M","0.35%"
"01-03-2024","20,349.80","20,171.90","20,360.20","20,171.00","2.82B","1.29%"
"29-02-2024","20,090.05","20,009.25","20,160.05","19,901.30","4.89B","0.35%"
"28-02-2024","20,020.40","20,323.50","20,335.65","19,987.35","3.85B","-1.34%"
"27-02-2024","20,292.85","20,249.25","20,329.10","20,234.95","2.85B","0.18%"
"26-02-2024","20,255.80","20,299.50","20,335.75","20,210.35","2.82B","-0.28%"
"23-02-2024","20,313.50","20,358.70","20,365.65","20,280.15","3.98B","0.15%"
"22-02-2024","20,283.95","20,179.25","20,308.90","20,004.10","3.17B","0.77%"
"21-02-2024","20,128.30","20,329.10","20,342.30","20,077.80","3.14B","-0.71%"
"20-02-2024","20,271.90","20,242.65","20,285.80","20,190.70","2.68B","0.15%"
"19-02-2024","20,241.10","20,244.25","20,301.00","20,174.90","2.71B","0.38%"
"16-02-2024","20,164.90","20,136.85","20,191.45","20,098.10","3.11B","0.64%"
"15-02-2024","20,037.00","20,011.70","20,065.75","19,952.00","3.54B","0.58%"
"14-02-2024","19,922.30","19,618.10","19,943.75","19,579.20","3.45B","0.70%"
"13-02-2024","19,782.90","19,709.80","19,796.05","19,508.75","3.93B","0.55%"
"12-02-2024","19,675.20","19,999.95","20,015.00","19,634.60","4.04B","-1.43%"
"09-02-2024","19,961.50","20,015.00","20,040.65","19,745.45","5.41B","-0.13%"
"08-02-2024","19,987.55","20,207.55","20,209.05","19,949.35","5.60B","-0.61%"
"07-02-2024","20,109.55","20,157.20","20,169.90","20,011.45","5.80B","0.38%"
"06-02-2024","20,033.75","19,923.20","20,044.45","19,824.85","4.60B","0.91%"
"05-02-2024","19,853.50","19,989.65","20,044.00","19,805.75","5.18B","-0.29%"
"02-02-2024","19,910.80","19,884.65","20,101.15","19,874.80","4.99B","0.67%"
"01-02-2024","19,777.35","19,869.95","19,871.25","19,703.75","4.21B","-0.12%"
"31-01-2024","19,802.10","19,574.15","19,813.30","19,546.40","3.60B","1.16%"
"30-01-2024","19,574.20","19,770.25","19,799.25","19,558.80","3.97B","-0.70%"
"29-01-2024","19,711.65","19,475.40","19,728.90","19,470.05","4.15B","1.64%"
"25-01-2024","19,393.00","19,479.65","19,480.05","19,289.80","3.86B","-0.30%"
"24-01-2024","19,451.00","19,193.15","19,470.65","19,080.50","4.18B","1.27%"
"23-01-2024","19,206.45","19,743.50","19,752.35","19,158.75","4.48B","-2.02%"
"20-01-2024","19,601.90","19,698.05","19,718.70","19,582.70","2.82B","-0.02%"
"19-01-2024","19,606.40","19,555.95","19,618.95","19,537.15","3.75B","0.99%"
"18-01-2024","19,414.80","19,388.40","19,468.65","19,143.50","3.72B","-0.37%"
"17-01-2024","19,487.60","19,556.40","19,707.70","19,470.05","4.15B","-1.71%"
"16-01-2024","19,827.55","19,894.30","19,923.30","19,736.20","4.15B","-0.29%"
"15-01-2024","19,885.55","19,876.50","19,896.90","19,763.80","3.51B","0.71%"
"12-01-2024","19,745.60","19,691.25","19,775.90","19,635.75","3.10B","0.82%"
"11-01-2024","19,584.35","19,589.75","19,626.50","19,532.30","3.37B","0.34%"
"10-01-2024","19,517.85","19,463.55","19,532.30","19,354.10","3.61B","0.30%"
"09-01-2024","19,459.55","19,549.50","19,596.05","19,439.10","3.71B","0.22%"
"08-01-2024","19,417.70","19,636.00","19,641.85","19,400.60","3.52B","-0.88%"
"05-01-2024","19,590.60","19,602.10","19,637.10","19,490.95","4.03B","0.25%"
"04-01-2024","19,541.25","19,451.80","19,560.40","19,433.50","3.25B","0.90%"
"03-01-2024","19,367.15","19,434.30","19,442.20","19,343.15","3.64B","-0.26%"
"02-01-2024","19,418.40","19,496.80","19,499.80","19,271.65","4.06B","-0.26%"
"01-01-2024","19,469.50","19,452.00","19,543.25","19,421.40","4.27B","0.21%"
"29-12-2023","19,429.15","19,394.50","19,450.10","19,338.35","4.24B","0.15%"
"28-12-2023","19,399.25","19,358.35","19,414.55","19,313.10","3.24B","0.53%"
"27-12-2023","19,296.95","19,219.40","19,312.30","19,189.80","2.09B","0.77%"
"26-12-2023","19,148.85","19,095.00","19,173.80","19,059.40","2.21B","0.49%"
"22-12-2023","19,054.70","19,011.25","19,089.95","18,934.75","2.61B","0.60%"
"21-12-2023","18,941.80","18,647.85","18,965.80","18,582.95","3.06B","0.86%"
"20-12-2023","18,779.45","19,264.40","19,303.60","18,727.10","3.87B","-2.03%"
"19-12-2023","19,169.25","19,212.55","19,213.55","19,067.20","2.95B","0.07%"
"18-12-2023","19,155.55","19,149.15","19,201.55","19,073.10","3.41B","0.05%"
"15-12-2023","19,145.05","19,071.95","19,165.10","19,020.55","4.03B","0.90%"
"14-12-2023","18,973.85","18,906.40","18,996.25","18,893.75","3.96B","1.19%"
"13-12-2023","18,751.45","18,723.70","18,770.45","18,601.50","2.98B","0.35%"
"12-12-2023","18,686.80","18,809.90","18,819.70","18,635.35","3.32B","-0.44%"
"11-12-2023","18,770.20","18,726.35","18,780.45","18,710.15","2.91B","0.36%"
"08-12-2023","18,703.50","18,752.25","18,785.70","18,588.15","3.55B","0.00%"
"07-12-2023","18,703.85","18,696.75","18,721.80","18,619.75","3.28B","0.13%"
"06-12-2023","18,680.00","18,677.25","18,698.80","18,594.40","2.73B","0.49%"
"05-12-2023","18,588.55","18,541.30","18,594.90","18,453.65","2.85B","0.76%"
"04-12-2023","18,448.50","18,422.35","18,460.00","18,315.45","2.95B","1.84%"
"01-12-2023","18,115.35","18,061.80","18,141.65","18,053.15","2.48B","0.71%"
"30-11-2023","17,987.95","17,926.90","18,007.10","17,845.90","4.61B","0.47%"
"29-11-2023","17,904.10","17,831.65","17,911.35","17,823.45","2.24B","0.91%"
"28-11-2023","17,741.80","17,701.05","17,760.00","17,665.65","2.26B","0.56%"
"24-11-2023","17,643.50","17,661.30","17,684.15","17,631.75","1.81B","0.02%"
"23-11-2023","17,639.40","17,654.15","17,693.25","17,627.35","1.69B","0.07%"
"22-11-2023","17,627.70","17,637.45","17,654.60","17,533.75","1.81B","0.00%"
"21-11-2023","17,627.60","17,644.50","17,665.00","17,617.20","2.02B","0.31%"
"20-11-2023","17,573.65","17,618.55","17,636.40","17,556.10","2.18B","-0.15%"
"17-11-2023","17,600.50","17,537.45","17,649.05","17,528.85","2.97B","0.04%"
"16-11-2023","17,593.10","17,518.10","17,668.65","17,486.50","2.24B","0.49%"
"15-11-2023","17,508.05","17,493.30","17,518.90","17,448.30","2.78B","1.09%"
"13-11-2023","17,318.60","17,335.00","17,339.15","17,278.65","2.27B","-0.24%"
"12-11-2023","17,361.10","17,380.50","17,384.15","17,347.45","423.51M","0.61%"
"10-11-2023","17,256.60","17,189.70","17,274.90","17,156.85","1.65B","0.22%"
"09-11-2023","17,218.90","17,284.95","17,288.60","17,209.55","2.15B","-0.24%"
"08-11-2023","17,259.70","17,242.65","17,269.25","17,215.00","2.31B","0.42%"
"07-11-2023","17,187.80","17,170.35","17,200.60","17,120.75","2.16B","0.17%"
"06-11-2023","17,159.40","17,105.35","17,168.75","17,080.95","1.89B","0.93%"
"03-11-2023","17,000.95","16,990.35","17,027.45","16,983.05","2.45B","0.65%"
"02-11-2023","16,890.80","16,849.95","16,903.75","16,823.00","2.24B","0.94%"
"01-11-2023","16,732.95","16,808.50","16,834.10","16,719.10","2.39B","-0.41%"
"31-10-2023","16,801.10","16,909.70","16,910.00","16,785.55","1.85B","-0.15%"
"30-10-2023","16,826.10","16,784.95","16,837.80","16,661.95","2.06B","0.36%"
"27-10-2023","16,765.45","16,636.05","16,793.10","16,634.60","2.14B","1.27%"
"26-10-2023","16,555.45","16,678.70","16,689.10","16,466.25","2.56B","-1.23%"
"25-10-2023","16,760.80","16,912.40","16,967.10","16,677.15","2.45B","-0.76%"
"23-10-2023","16,888.70","17,204.75","17,224.80","16,859.85","2.54B","-1.86%"
"20-10-2023","17,208.75","17,258.30","17,295.05","17,190.60","2.59B","-0.59%"
"19-10-2023","17,310.50","17,251.20","17,344.60","17,202.25","2.05B","-0.19%"
"18-10-2023","17,344.00","17,484.35","17,492.40","17,332.30","2.32B","-0.71%"
"17-10-2023","17,467.70","17,490.05","17,494.50","17,437.95","2.19B","0.43%"
"16-10-2023","17,393.00","17,390.35","17,431.50","17,353.15","2.16B","0.02%"
"13-10-2023","17,390.35","17,323.05","17,436.50","17,306.55","2.28B","-0.17%"
"12-10-2023","17,419.70","17,438.30","17,457.85","17,402.45","2.14B","0.07%"
"11-10-2023","17,407.35","17,380.65","17,447.80","17,375.50","2.19B","0.60%"
"10-10-2023","17,303.35","17,184.55","17,319.30","17,184.55","2.00B","1.03%"
"09-10-2023","17,127.70","17,170.50","17,206.85","17,096.65","2.34B","-0.96%"
"06-10-2023","17,293.60","17,263.35","17,310.10","17,237.10","2.24B","0.57%"
"05-10-2023","17,195.80","17,202.25","17,234.00","17,154.30","2.48B","0.42%"
"04-10-2023","17,123.10","17,195.55","17,200.70","17,032.60","3.00B","-0.76%"
"03-10-2023","17,254.40","17,294.50","17,295.45","17,201.70","2.47B","-0.22%"
"29-09-2023","17,292.60","17,227.55","17,357.15","17,205.20","2.09B","0.71%"
"28-09-2023","17,170.45","17,384.05","17,389.20","17,147.00","2.92B","-0.99%"
"27-09-2023","17,341.60","17,270.40","17,352.10","17,217.45","2.42B","0.38%"
"26-09-2023","17,276.75","17,284.90","17,312.35","17,250.30","2.39B","0.02%"
"25-09-2023","17,272.55","17,276.35","17,308.20","17,198.20","2.34B","0.07%"
"22-09-2023","17,260.80","17,314.40","17,361.80","17,226.05","3.03B","-0.25%"
"21-09-2023","17,303.50","17,409.10","17,422.75","17,273.10","2.88B","-0.84%"
"20-09-2023","17,449.35","17,513.20","17,571.15","17,419.75","3.10B","-0.93%"
"18-09-2023","17,613.60","17,666.85","17,671.60","17,601.55","4.46B","-0.30%"
"15-09-2023","17,665.80","17,662.80","17,691.85","17,620.90","4.14B","0.35%"
"14-09-2023","17,603.50","17,593.25","17,648.55","17,546.00","2.95B","0.44%"
"13-09-2023","17,526.75","17,458.40","17,540.85","17,364.35","3.48B","0.38%"
"12-09-2023","17,460.55","17,753.95","17,754.05","17,422.05","4.43B","-1.09%"
"11-09-2023","17,653.35","17,567.20","17,660.80","17,550.20","3.72B","0.95%"
"08-09-2023","17,487.45","17,437.65","17,519.60","17,385.50","2.99B","0.59%"
"07-09-2023","17,385.50","17,292.35","17,395.00","17,269.10","2.77B","0.58%"
"06-09-2023","17,284.60","17,274.20","17,298.80","17,198.75","3.05B","0.19%"
"05-09-2023","17,252.10","17,228.20","17,264.90","17,180.95","3.77B","0.41%"
"04-09-2023","17,180.95","17,157.90","17,191.20","17,074.55","4.46B","0.62%"
"01-09-2023","17,074.55","16,940.20","17,088.10","16,931.50","3.95B","0.89%"
"31-08-2023","16,924.30","17,001.35","17,011.80","16,904.70","3.89B","-0.26%"
"30-08-2023","16,968.95","17,010.15","17,035.60","16,959.10","2.25B","0.25%"
"29-08-2023","16,927.30","16,933.85","16,938.80","16,898.05","2.51B","0.31%"
"28-08-2023","16,875.30","16,866.40","16,918.25","16,823.40","2.44B","0.32%"
"25-08-2023","16,820.85","16,871.00","16,905.70","16,785.25","2.51B","-0.65%"
"24-08-2023","16,930.15","17,039.25","17,074.25","16,916.40","2.41B","-0.12%"
"23-08-2023","16,950.25","16,950.90","16,981.85","16,912.15","2.28B","0.27%"
"22-08-2023","16,905.25","16,886.95","16,925.45","16,874.80","2.25B","0.32%"
"21-08-2023","16,852.05","16,780.75","16,872.55","16,766.70","1.77B","0.56%"
"18-08-2023","16,757.70","16,768.00","16,803.25","16,722.05","1.90B","-0.27%"
"17-08-2023","16,802.25","16,858.85","16,869.40","16,781.60","2.05B","-0.30%"
"16-08-2023","16,853.05","16,779.60","16,867.80","16,732.75","1.96B","0.16%"
"14-08-2023","16,825.55","16,827.75","16,854.10","16,661.00","2.03B","-0.21%"
"11-08-2023","16,860.15","16,970.05","16,972.05","16,845.80","2.28B","-0.47%"
"10-08-2023","16,939.85","16,999.50","17,013.45","16,901.55","2.35B","-0.38%"
"09-08-2023","17,003.85","16,966.85","17,011.95","16,881.75","2.11B","0.32%"
"08-08-2023","16,949.25","16,991.85","16,998.15","16,889.85","2.39B","-0.04%"
"07-08-2023","16,956.35","16,948.35","16,970.05","16,897.50","2.25B","0.39%"
"04-08-2023","16,890.60","16,847.40","16,914.45","16,836.55","2.63B","0.71%"
"03-08-2023","16,772.30","16,818.35","16,878.75","16,691.65","2.55B","-0.51%"
"02-08-2023","16,858.95","17,005.60","17,018.85","16,755.90","2.42B","-1.13%"
"01-08-2023","17,051.15","17,096.60","17,102.10","17,026.30","2.33B","-0.05%"
"31-07-2023","17,059.00","16,972.50","17,072.80","16,939.00","2.44B","0.65%"
"28-07-2023","16,948.35","16,935.05","16,960.50","16,880.60","2.07B","0.17%"
"27-07-2023","16,919.20","17,038.35","17,056.20","16,873.00","2.48B","-0.33%"
"26-07-2023","16,975.00","16,950.70","17,011.00","16,931.60","2.31B","0.46%"
"25-07-2023","16,896.90","16,918.80","16,918.85","16,832.45","2.29B","0.19%"
"24-07-2023","16,865.15","16,921.75","16,948.40","16,852.20","2.88B","-0.23%"
"21-07-2023","16,904.30","16,931.95","16,991.40","16,874.95","2.36B","-0.81%"
"20-07-2023","17,042.55","16,965.45","17,051.00","16,912.70","2.16B","0.53%"
"19-07-2023","16,953.50","16,919.05","16,964.25","16,877.45","1.99B","0.48%"
"18-07-2023","16,872.00","16,932.95","16,940.15","16,818.30","2.00B","0.00%"
"17-07-2023","16,872.05","16,811.65","16,884.95","16,784.35","2.05B","0.64%"
"14-07-2023","16,765.45","16,695.70","16,786.00","16,655.05","1.68B","0.85%"
"13-07-2023","16,623.90","16,726.95","16,774.50","16,596.45","2.16B","-0.10%"
"12-07-2023","16,641.05","16,697.10","16,703.25","16,627.30","2.11B","-0.04%"
"11-07-2023","16,648.00","16,610.95","16,698.80","16,597.55","1.98B","0.57%"
"10-07-2023","16,553.75","16,620.90","16,623.95","16,530.75","1.78B","-0.07%"
"07-07-2023","16,564.90","16,653.30","16,718.20","16,541.60","2.18B","-0.78%"
"06-07-2023","16,695.05","16,600.75","16,703.30","16,590.70","2.48B","0.59%"
"05-07-2023","16,597.20","16,580.20","16,611.15","16,540.20","2.34B","0.25%"
"04-07-2023","16,556.05","16,597.50","16,599.25","16,499.15","2.89B","0.17%"
"03-07-2023","16,527.95","16,490.95","16,541.90","16,485.30","2.21B","0.60%"
"30-06-2023","16,430.00","16,354.95","16,437.45","16,326.00","2.17B","0.94%"
"28-06-2023","16,277.20","16,239.85","16,296.00","16,210.45","2.07B","0.70%"
"27-06-2023","16,163.50","16,118.65","16,171.20","16,104.20","1.48B","0.61%"
"26-06-2023","16,066.15","16,017.50","16,079.00","15,995.10","1.33B","0.34%"
"23-06-2023","16,011.80","16,126.70","16,133.95","15,999.40","1.51B","-0.80%"
"22-06-2023","16,140.80","16,252.75","16,264.15","16,128.80","1.80B","-0.62%"
"21-06-2023","16,240.95","16,244.55","16,277.35","16,201.40","1.86B","0.25%"
"20-06-2023","16,199.95","16,147.55","16,215.60","16,080.95","1.69B","0.36%"
"19-06-2023","16,142.15","16,231.05","16,244.95","16,117.85","1.73B","-0.24%"
"16-06-2023","16,181.45","16,100.90","16,211.25","16,091.80","2.04B","0.77%"
"15-06-2023","16,058.25","16,106.85","16,138.70","16,039.05","1.70B","-0.16%"
"14-06-2023","16,084.05","16,082.15","16,094.10","16,035.15","2.02B","0.22%"
"13-06-2023","16,048.20","15,964.80","16,057.50","15,964.30","1.91B","0.75%"
"12-06-2023","15,929.10","15,913.20","15,946.15","15,874.40","1.72B","0.33%"
"09-06-2023","15,877.40","15,947.95","15,961.70","15,866.80","1.90B","-0.27%"
"08-06-2023","15,921.05","16,021.70","16,048.80","15,906.15","2.37B","-0.54%"
"07-06-2023","16,006.70","15,938.30","16,016.00","15,920.25","3.11B","0.81%"
"06-06-2023","15,878.40","15,873.75","15,895.70","15,816.70","1.73B","0.12%"
"05-06-2023","15,859.50","15,877.45","15,899.15","15,851.75","1.79B","0.31%"
"02-06-2023","15,811.20","15,816.80","15,838.45","15,774.65","1.85B","0.32%"
"01-06-2023","15,760.35","15,801.95","15,823.95","15,743.40","1.76B","-0.04%"
"31-05-2023","15,766.40","15,773.80","15,789.20","15,706.50","3.45B","-0.21%"
"30-05-2023","15,799.45","15,784.25","15,823.90","15,759.35","1.64B","0.17%"
"29-05-2023","15,772.35","15,791.75","15,805.75","15,758.15","1.76B","0.48%"
"26-05-2023","15,696.75","15,589.50","15,704.00","15,567.85","1.56B","0.91%"
"25-05-2023","15,555.25","15,510.20","15,568.55","15,474.15","1.79B","0.25%"
"24-05-2023","15,515.95","15,517.20","15,591.40","15,493.30","1.76B","-0.19%"
"23-05-2023","15,544.75","15,551.05","15,595.65","15,528.75","1.49B","0.26%"
"22-05-2023","15,504.00","15,409.05","15,517.65","15,386.90","1.70B","0.63%"
"19-05-2023","15,407.55","15,399.50","15,418.80","15,278.70","1.40B","0.30%"
"18-05-2023","15,361.60","15,506.65","15,514.90","15,346.85","1.59B","-0.42%"
"17-05-2023","15,426.35","15,508.25","15,512.85","15,367.00","1.71B","-0.43%"
"16-05-2023","15,492.40","15,584.40","15,592.25","15,476.65","1.78B","-0.37%"
"15-05-2023","15,549.70","15,495.85","15,591.95","15,464.65","1.36B","0.47%"
"12-05-2023","15,477.35","15,475.05","15,506.15","15,401.65","1.35B","-0.04%"
"11-05-2023","15,484.05","15,512.35","15,526.75","15,461.85","1.60B","0.12%"
"10-05-2023","15,466.05","15,458.05","15,476.10","15,372.45","1.63B","0.29%"
"09-05-2023","15,420.60","15,462.75","15,502.70","15,393.95","1.81B","-0.04%"
"08-05-2023","15,427.10","15,321.90","15,440.85","15,310.75","1.76B","0.97%"
"05-05-2023","15,278.60","15,330.35","15,394.90","15,265.85","2.11B","-0.82%"
"04-05-2023","15,405.50","15,282.25","15,414.70","15,272.70","2.23B","0.85%"
"03-05-2023","15,276.40","15,277.75","15,305.05","15,239.50","2.17B","-0.16%"
"02-05-2023","15,300.75","15,276.20","15,327.75","15,261.15","2.19B","0.53%"
"28-04-2023","15,219.55","15,111.05","15,235.45","15,077.45","2.21B","0.96%"
"27-04-2023","15,075.05","14,999.90","15,085.85","14,989.20","1.98B","0.54%"
"26-04-2023","14,994.40","14,954.20","15,003.10","14,918.55","2.11B","0.26%"
"25-04-2023","14,955.70","14,945.80","14,981.30","14,916.35","2.00B","0.17%"
"24-04-2023","14,930.15","14,903.95","14,937.20","14,841.60","1.56B","0.56%"
"21-04-2023","14,847.10","14,879.60","14,888.65","14,789.95","1.45B","-0.10%"
"20-04-2023","14,861.75","14,878.55","14,905.80","14,835.90","1.11B","0.03%"
"19-04-2023","14,856.90","14,901.25","14,905.60","14,832.90","1.47B","-0.27%"
"18-04-2023","14,897.00","14,949.10","14,949.10","14,852.65","1.59B","-0.05%"
"17-04-2023","14,904.30","14,970.35","14,970.35","14,794.45","1.40B","-0.33%"
"13-04-2023","14,954.25","14,946.45","14,965.70","14,885.25","1.30B","0.08%"
"12-04-2023","14,941.55","14,902.20","14,949.90","14,871.90","1.20B","0.50%"
"11-04-2023","14,867.25","14,854.65","14,893.60","14,814.35","1.24B","0.52%"
"10-04-2023","14,790.55","14,797.35","14,833.45","14,767.00","1.21B","0.21%"
"06-04-2023","14,759.20","14,701.10","14,786.00","14,673.70","1.30B","0.34%"
"05-04-2023","14,709.40","14,620.70","14,718.90","14,611.25","1.35B","0.74%"
"03-04-2023","14,601.95","14,621.05","14,621.05","14,541.60","1.38B","0.30%"
"31-03-2023","14,557.85","14,442.30","14,577.15","14,438.80","1.74B","1.48%"
"29-03-2023","14,345.60","14,218.60","14,377.30","14,218.60","1.96B","0.94%"
"28-03-2023","14,211.80","14,289.95","14,300.20","14,177.50","1.46B","-0.36%"
"27-03-2023","14,262.70","14,306.60","14,348.95","14,238.90","1.48B","-0.11%"
"24-03-2023","14,279.00","14,409.00","14,434.10","14,257.50","1.40B","-0.87%"
"23-03-2023","14,403.60","14,422.95","14,490.65","14,388.30","1.16B","-0.39%"
"22-03-2023","14,460.00","14,470.05","14,497.15","14,432.20","","0.34%"
"21-03-2023","14,411.30","14,379.05","14,428.15","14,339.95","1.33B","0.66%"
"20-03-2023","14,317.10","14,389.85","14,393.60","14,196.50","1.62B","-0.72%"
"17-03-2023","14,420.85","14,436.25","14,464.90","14,327.75","2.34B","0.63%"
"16-03-2023","14,330.35","14,328.50","14,387.65","14,189.00","2.17B","0.07%"
"15-03-2023","14,320.30","14,458.15","14,494.35","14,298.15","1.39B","-0.27%"
"14-03-2023","14,358.55","14,462.00","14,499.20","14,306.80","1.54B","-0.66%"
"13-03-2023","14,454.45","14,681.55","14,752.85","14,420.50","1.82B","-1.54%"
"10-03-2023","14,679.85","14,695.05","14,699.35","14,593.40","1.25B","-0.84%"
"09-03-2023","14,803.95","14,947.05","14,952.85","14,788.90","1.34B","-0.79%"
"08-03-2023","14,921.95","14,843.10","14,932.40","14,791.25","1.38B","0.28%"
"06-03-2023","14,881.00","14,848.35","14,942.05","14,843.70","1.62B","0.72%"
"03-03-2023","14,774.75","14,686.25","14,813.05","14,676.05","1.83B","1.29%"
"02-03-2023","14,587.25","14,654.80","14,668.40","14,575.95","1.56B","-0.53%"
"01-03-2023","14,664.85","14,557.00","14,675.05","14,550.10","1.61B","1.01%"
"28-02-2023","14,518.75","14,550.00","14,584.45","14,476.00","2.04B","-0.21%"
"27-02-2023","14,548.70","14,600.90","14,609.40","14,465.70","1.36B","-0.56%"
"24-02-2023","14,630.45","14,723.40","14,741.95","14,598.95","1.44B","-0.25%"
"23-02-2023","14,666.75","14,715.20","14,740.80","14,599.10","1.74B","-0.24%"
"22-02-2023","14,701.90","14,854.15","14,861.05","14,674.25","1.45B","-1.42%"
"21-02-2023","14,913.95","14,982.00","14,992.70","14,894.15","1.36B","-0.17%"
"20-02-2023","14,938.65","15,023.45","15,036.45","14,920.70","1.49B","-0.44%"
"17-02-2023","15,003.95","15,036.25","15,077.00","14,966.30","1.18B","-0.53%"
"16-02-2023","15,083.75","15,098.45","15,135.35","15,060.00","1.26B","0.29%"
"15-02-2023","15,039.65","14,939.00","15,053.55","14,923.25","1.26B","0.47%"
"14-02-2023","14,968.90","14,936.20","14,988.00","14,879.35","1.32B","0.46%"
"13-02-2023","14,900.50","15,011.35","15,022.55","14,875.85","1.39B","-0.77%"
"10-02-2023","15,015.85","14,992.65","15,031.10","14,969.55","1.57B","-0.09%"
"09-02-2023","15,030.10","15,036.85","15,054.75","14,956.90","1.57B","0.01%"
"08-02-2023","15,028.30","14,927.55","15,046.70","14,924.05","1.73B","0.85%"
"07-02-2023","14,902.20","14,950.15","14,970.80","14,845.95","1.68B","-0.21%"
"06-02-2023","14,934.15","14,939.40","14,954.30","14,870.55","2.18B","-0.19%"
"03-02-2023","14,962.35","14,904.10","14,972.15","14,746.45","2.02B","0.83%"
"02-02-2023","14,839.40","14,760.35","14,887.45","14,698.40","2.06B","-0.06%"
"01-02-2023","14,847.65","15,054.80","15,154.10","14,622.65","2.64B","-0.59%"
"31-01-2023","14,935.50","14,906.45","14,962.95","14,787.85","2.14B","0.55%"
"30-01-2023","14,854.20","14,807.50","14,955.15","14,675.05","2.18B","-0.14%"
"27-01-2023","14,874.75","15,160.15","15,165.40","14,779.10","2.36B","-1.96%"
"25-01-2023","15,171.95","15,364.40","15,368.70","15,146.40","1.80B","-1.41%"
"24-01-2023","15,388.55","15,451.20","15,459.30","15,364.20","1.39B","-0.10%"
"23-01-2023","15,403.20","15,411.50","15,427.50","15,364.25","1.75B","0.36%"
"20-01-2023","15,347.90","15,428.20","15,443.45","15,336.70","1.46B","-0.47%"
"19-01-2023","15,419.70","15,427.15","15,455.15","15,387.25","1.40B","-0.30%"
"18-01-2023","15,466.35","15,416.60","15,479.65","15,376.50","1.46B","0.46%"
"17-01-2023","15,396.15","15,328.85","15,411.00","15,291.60","1.66B","0.59%"
"16-01-2023","15,305.45","15,398.15","15,421.25","15,276.50","1.86B","-0.26%"
"13-01-2023","15,346.10","15,295.90","15,370.05","15,215.00","1.65B","0.44%"
"12-01-2023","15,279.60","15,329.70","15,347.20","15,203.55","1.53B","-0.14%"
"11-01-2023","15,301.35","15,342.75","15,375.10","15,257.00","1.62B","-0.16%"
"10-01-2023","15,325.25","15,470.00","15,472.45","15,262.10","1.60B","-0.81%"
"09-01-2023","15,450.10","15,360.40","15,472.15","15,353.35","1.62B","1.17%"
"06-01-2023","15,272.00","15,401.35","15,419.40","15,219.85","1.73B","-0.74%"
"05-01-2023","15,386.20","15,446.50","15,462.15","15,286.40","1.76B","-0.04%"
"04-01-2023","15,393.00","15,563.15","15,574.50","15,375.80","2.14B","-1.06%"
"03-01-2023","15,557.80","15,515.75","15,575.70","15,500.75","2.08B","0.22%"
"02-01-2023","15,523.65","15,479.95","15,536.35","15,433.30","2.10B","0.48%"
"30-12-2022","15,448.85","15,557.75","15,581.95","15,425.65","2.14B","-0.23%"
"29-12-2022","15,485.20","15,370.00","15,517.45","15,307.00","2.12B","0.34%"
"28-12-2022","15,432.80","15,390.55","15,468.15","15,363.65","2.37B","0.09%"
"27-12-2022","15,418.35","15,375.20","15,433.65","15,278.60","2.55B","0.78%"
"26-12-2022","15,298.55","15,060.85","15,350.35","14,985.40","2.91B","1.68%"
"23-12-2022","15,046.00","15,300.75","15,349.35","15,018.75","2.82B","-2.50%"
"22-12-2022","15,431.50","15,599.55","15,636.10","15,369.60","2.76B","-0.62%"
"21-12-2022","15,527.55","15,772.95","15,812.05","15,497.60","3.06B","-1.26%"
"20-12-2022","15,726.20","15,704.05","15,740.25","15,580.80","2.33B","-0.18%"
"19-12-2022","15,755.20","15,658.85","15,764.00","15,606.15","2.54B","0.76%"
"16-12-2022","15,636.35","15,710.90","15,799.35","15,625.25","2.88B","-0.93%"
"15-12-2022","15,783.80","15,938.05","15,968.20","15,758.85","3.34B","-1.13%"
"14-12-2022","15,963.80","15,958.15","15,988.55","15,946.30","4.42B","0.37%"
"13-12-2022","15,904.50","15,863.25","15,913.80","15,830.65","3.50B","0.48%"
"12-12-2022","15,828.00","15,759.65","15,836.85","15,687.95","2.79B","0.10%"
"09-12-2022","15,812.75","15,964.85","15,967.30","15,727.35","3.68B","-0.62%"
"08-12-2022","15,911.10","15,881.80","15,918.75","15,860.30","1.97B","0.31%"
"07-12-2022","15,862.00","15,932.25","15,953.25","15,836.05","2.01B","-0.38%"
"06-12-2022","15,922.85","15,904.10","15,936.70","15,881.60","2.31B","-0.28%"
"05-12-2022","15,967.20","15,994.95","15,999.80","15,881.80","2.37B","0.02%"
"02-12-2022","15,963.50","15,977.50","15,991.05","15,909.60","2.23B","-0.25%"
"01-12-2022","16,003.95","16,041.15","16,041.65","15,972.75","2.09B","0.36%"
"30-11-2022","15,946.15","15,827.45","15,991.60","15,820.55","3.15B","0.85%"
"29-11-2022","15,812.45","15,784.55","15,859.35","15,782.40","2.09B","0.18%"
"28-11-2022","15,784.45","15,683.75","15,817.35","15,642.80","2.41B","0.36%"
"25-11-2022","15,727.25","15,719.80","15,743.10","15,668.35","2.58B","0.30%"
"24-11-2022","15,680.80","15,588.45","15,706.50","15,567.75","1.94B","0.92%"
"23-11-2022","15,538.15","15,572.75","15,572.90","15,520.25","1.97B","0.19%"
"22-11-2022","15,509.20","15,472.65","15,518.10","15,437.30","1.89B","0.36%"
"21-11-2022","15,453.80","15,514.60","15,523.15","15,431.20","1.90B","-0.62%"
"18-11-2022","15,550.85","15,634.30","15,644.80","15,472.35","1.74B","-0.30%"
"17-11-2022","15,597.25","15,630.55","15,661.10","15,573.95","1.75B","-0.42%"
"16-11-2022","15,663.30","15,696.55","15,711.30","15,607.25","1.90B","-0.19%"
"15-11-2022","15,693.90","15,678.50","15,708.90","15,609.50","1.49B","0.28%"
"14-11-2022","15,650.20","15,672.50","15,684.25","15,627.75","1.98B","0.01%"
"11-11-2022","15,649.10","15,633.50","15,662.05","15,612.45","2.30B","1.35%"
"10-11-2022","15,440.00","15,490.25","15,523.90","15,384.35","1.70B","-0.82%"
"09-11-2022","15,567.25","15,684.45","15,686.35","15,534.85","2.29B","-0.31%"
"07-11-2022","15,615.15","15,610.95","15,647.25","15,505.75","2.10B","0.54%"
"04-11-2022","15,530.85","15,495.75","15,542.15","15,454.30","1.80B","0.30%"
"03-11-2022","15,484.70","15,407.80","15,519.15","15,401.30","1.53B","-0.08%"
"02-11-2022","15,497.55","15,560.45","15,561.10","15,470.40","1.36B","-0.26%"
"01-11-2022","15,537.40","15,507.95","15,545.85","15,460.70","1.76B","0.74%"
"31-10-2022","15,424.00","15,333.15","15,433.05","15,327.40","1.44B","1.20%"
"28-10-2022","15,241.60","15,265.45","15,290.15","15,191.60","1.49B","-0.02%"
"27-10-2022","15,244.25","15,246.55","15,273.30","15,172.15","1.79B","0.57%"
"25-10-2022","15,158.10","15,251.75","15,253.75","15,143.45","1.72B","-0.27%"
"24-10-2022","15,198.75","15,225.45","15,248.05","15,179.15","396.65M","0.78%"
"21-10-2022","15,081.10","15,159.60","15,181.90","15,036.10","1.65B","-0.21%"
"20-10-2022","15,112.10","14,998.45","15,128.40","14,979.60","1.95B","0.29%"
"19-10-2022","15,068.60","15,120.40","15,153.05","15,039.80","1.90B","0.08%"
"18-10-2022","15,056.55","15,009.10","15,071.95","15,007.25","1.74B","1.01%"
"17-10-2022","14,906.15","14,783.20","14,920.70","14,718.80","1.40B","0.61%"
"14-10-2022","14,815.10","14,979.15","14,989.15","14,803.70","1.27B","0.58%"
"13-10-2022","14,730.30","14,811.20","14,832.35","14,683.55","1.32B","-0.67%"
"12-10-2022","14,829.95","14,761.45","14,844.85","14,676.55","1.42B","0.73%"
"11-10-2022","14,721.90","14,980.45","14,982.75","14,692.55","1.50B","-1.54%"
"10-10-2022","14,951.65","14,857.00","14,989.05","14,818.50","1.42B","-0.57%"
"07-10-2022","15,036.70","15,030.20","15,055.65","14,943.15","1.54B","-0.11%"
"06-10-2022","15,053.05","15,063.55","15,119.90","15,042.20","1.65B","0.58%"
"04-10-2022","14,965.80","14,869.55","14,975.60","14,852.55","1.54B","2.24%"
"03-10-2022","14,638.50","14,837.10","14,858.65","14,585.80","1.65B","-1.29%"
"30-09-2022","14,829.35","14,586.90","14,881.30","14,516.30","1.87B","1.55%"
"29-09-2022","14,602.50","14,748.20","14,783.75","14,569.10","1.81B","-0.12%"
"28-09-2022","14,620.60","14,617.40","14,768.25","14,577.05","1.56B","-0.72%"
"27-09-2022","14,727.30","14,805.85","14,874.45","14,652.30","1.68B","0.01%"
"26-09-2022","14,725.70","14,916.90","14,932.50","14,671.05","1.99B","-2.20%"
"23-09-2022","15,057.65","15,324.30","15,360.20","15,032.75","1.72B","-1.81%"
"22-09-2022","15,335.30","15,284.60","15,386.75","15,224.95","1.87B","-0.17%"
"21-09-2022","15,361.25","15,449.25","15,516.50","15,320.05","1.63B","-0.71%"
"20-09-2022","15,470.35","15,423.50","15,557.30","15,410.25","1.51B","1.16%"
"19-09-2022","15,293.55","15,264.25","15,348.80","15,135.15","1.59B","0.33%"
"16-09-2022","15,243.95","15,529.35","15,542.00","15,197.90","2.58B","-2.16%"
"15-09-2022","15,580.35","15,686.00","15,724.45","15,543.90","1.81B","-0.32%"
"14-09-2022","15,630.70","15,423.90","15,688.10","15,423.90","2.02B","-0.25%"
"13-09-2022","15,669.85","15,667.35","15,686.85","15,635.15","1.80B","0.59%"
"12-09-2022","15,577.40","15,524.70","15,600.15","15,522.40","1.40B","0.71%"
"09-09-2022","15,467.40","15,547.55","15,548.85","15,426.40","1.88B","0.17%"
"08-09-2022","15,440.70","15,430.20","15,448.75","15,365.70","1.96B","0.79%"
"07-09-2022","15,319.40","15,222.25","15,334.00","15,199.40","2.33B","0.04%"
"06-09-2022","15,313.05","15,339.30","15,386.75","15,248.00","2.34B","0.12%"
"05-09-2022","15,294.40","15,221.75","15,311.95","15,217.35","2.06B","0.61%"
"02-09-2022","15,201.60","15,272.45","15,305.00","15,184.30","1.72B","-0.06%"
"01-09-2022","15,211.20","15,142.70","15,309.85","15,141.45","1.89B","-0.74%"
"30-08-2022","15,325.05","15,071.45","15,338.80","15,065.35","1.85B","2.35%"
"29-08-2022","14,972.75","14,797.80","15,016.25","14,793.95","1.54B","-1.15%"
"26-08-2022","15,147.55","15,187.10","15,242.65","15,116.20","1.71B","0.31%"
"25-08-2022","15,100.65","15,208.85","15,252.80","15,075.10","2.16B","-0.26%"
"24-08-2022","15,140.40","15,062.45","15,152.45","15,037.15","1.75B","0.33%"
"23-08-2022","15,090.50","14,887.00","15,128.25","14,879.90","1.84B","0.59%"
"22-08-2022","15,001.75","15,183.10","15,186.15","14,980.40","1.65B","-1.54%"
"19-08-2022","15,236.65","15,426.20","15,445.50","15,205.55","1.93B","-1.09%"
"18-08-2022","15,404.60","15,355.60","15,415.25","15,325.20","1.75B","0.17%"
"17-08-2022","15,379.05","15,325.35","15,398.45","15,306.55","1.88B","0.64%"
"16-08-2022","15,280.50","15,222.90","15,287.45","15,203.50","","0.92%"
"12-08-2022","15,140.55","15,102.80","15,162.30","15,060.75","1.74B","0.30%"
"11-08-2022","15,095.15","15,123.65","15,130.05","15,069.90","1.50B","0.73%"
"10-08-2022","14,985.80","15,033.30","15,033.30","14,919.20","1.69B","-0.05%"
"08-08-2022","14,993.35","14,910.60","15,009.90","14,867.20","1.44B","0.62%"
"05-08-2022","14,900.40","14,933.20","14,972.10","14,874.25","2.15B","0.05%"
"04-08-2022","14,892.45","14,944.95","14,974.70","14,688.00","2.32B","0.10%"
"03-08-2022","14,878.05","14,880.65","14,906.70","14,750.75","2.40B","0.01%"
"02-08-2022","14,876.60","14,831.90","14,906.00","14,765.30","3.26B","0.20%"
"01-08-2022","14,846.85","14,741.40","14,858.30","14,666.20","2.12B","1.24%"
"29-07-2022","14,665.65","14,588.15","14,677.75","14,553.65","1.92B","1.36%"
"28-07-2022","14,469.10","14,365.05","14,481.45","14,330.30","1.74B","1.45%"
"27-07-2022","14,262.55","14,131.80","14,272.20","14,099.90","1.51B","0.86%"
"26-07-2022","14,141.45","14,284.70","14,286.50","14,122.55","1.49B","-0.97%"
"25-07-2022","14,279.50","14,307.90","14,335.10","14,228.15","1.39B","-0.40%"
"22-07-2022","14,336.60","14,325.05","14,359.75","14,265.25","1.25B","0.45%"
"21-07-2022","14,271.80","14,172.80","14,288.60","14,141.65","1.38B","0.76%"
"20-07-2022","14,164.40","14,220.20","14,230.90","14,140.00","1.36B","0.80%"
"19-07-2022","14,051.65","13,922.55","14,067.75","13,922.35","1.28B","0.48%"
"18-07-2022","13,984.40","13,883.80","13,993.40","13,877.60","1.17B","1.41%"
"15-07-2022","13,790.20","13,761.10","13,804.05","13,695.20","1.08B","0.64%"
"14-07-2022","13,702.65","13,771.20","13,797.60","13,617.15","1.08B","-0.18%"
"13-07-2022","13,726.95","13,842.80","13,861.30","13,714.20","1.10B","-0.38%"
"12-07-2022","13,779.00","13,823.60","13,866.65","13,757.30","1.23B","-0.78%"
"11-07-2022","13,886.85","13,771.40","13,905.95","13,755.75","1.25B","0.42%"
"08-07-2022","13,828.25","13,873.75","13,874.70","13,770.90","1.09B","0.46%"
"07-07-2022","13,765.60","13,736.95","13,777.75","13,687.55","1.22B","0.99%"
"06-07-2022","13,631.30","13,472.80","13,647.20","13,443.35","1.16B","1.26%"
"05-07-2022","13,461.85","13,533.75","13,628.45","13,439.40","1.14B","-0.08%"
"04-07-2022","13,472.65","13,378.40","13,483.70","13,337.20","1.09B","0.58%"
"01-07-2022","13,394.45","13,335.25","13,422.45","13,192.90","1.29B","0.05%"
"30-06-2022","13,387.55","13,410.80","13,492.15","13,352.40","1.30B","-0.23%"
"29-06-2022","13,417.85","13,337.65","13,462.05","13,328.20","1.41B","-0.34%"
"28-06-2022","13,464.25","13,389.85","13,487.50","13,330.75","1.24B","0.15%"
"27-06-2022","13,444.55","13,506.35","13,510.80","13,432.65","1.20B","0.92%"
"24-06-2022","13,322.50","13,269.20","13,337.70","13,247.95","1.19B","1.09%"
"23-06-2022","13,178.80","13,081.90","13,231.90","13,021.25","1.23B","1.00%"
"22-06-2022","13,047.75","13,176.10","13,184.90","13,028.35","1.28B","-1.47%"
"21-06-2022","13,241.90","13,042.80","13,275.50","13,019.35","1.45B","2.25%"
"20-06-2022","12,950.75","13,026.15","13,049.40","12,855.55","1.55B","-0.34%"
"17-06-2022","12,994.75","13,011.40","13,111.95","12,903.85","1.64B","-0.72%"
"16-06-2022","13,089.20","13,508.70","13,527.80","13,064.05","1.38B","-2.18%"
"15-06-2022","13,380.85","13,412.20","13,448.45","13,366.75","973.34M","-0.06%"
"14-06-2022","13,388.30","13,341.95","13,506.50","13,324.15","1.24B","-0.21%"
"13-06-2022","13,416.90","13,521.20","13,527.75","13,356.20","1.31B","-2.65%"
"10-06-2022","13,781.75","13,825.00","13,860.05","13,757.95","1.03B","-1.40%"
"09-06-2022","13,977.10","13,816.70","13,989.00","13,790.00","1.11B","0.65%"
"08-06-2022","13,886.90","13,981.65","14,020.45","13,832.45","1.23B","-0.35%"
"07-06-2022","13,935.60","13,978.65","13,990.20","13,883.75","1.12B","-0.84%"
"06-06-2022","14,054.10","14,042.40","14,081.20","13,932.15","1.12B","-0.17%"
"03-06-2022","14,077.90","14,280.35","14,300.00","14,064.90","1.21B","-0.64%"
"02-06-2022","14,167.95","14,059.25","14,179.30","14,029.80","1.28B","0.60%"
"01-06-2022","14,082.90","14,132.10","14,186.90","14,009.05","1.37B","-0.26%"
"31-05-2022","14,119.60","14,106.00","14,215.45","14,067.05","2.59B","-0.25%"
"30-05-2022","14,154.80","14,022.60","14,163.05","14,009.65","1.40B","2.03%"
"27-05-2022","13,873.15","13,839.30","13,885.05","13,768.30","1.25B","1.10%"
"26-05-2022","13,722.55","13,651.55","13,756.85","13,445.25","1.68B","0.99%"
"25-05-2022","13,587.75","13,805.10","13,821.40","13,574.50","1.37B","-1.16%"
"24-05-2022","13,747.25","13,858.05","13,883.55","13,709.40","1.57B","-0.64%"
"23-05-2022","13,835.80","13,929.75","14,005.50","13,813.60","1.57B","-0.43%"
"20-05-2022","13,895.05","13,755.05","13,906.40","13,733.55","1.40B","2.54%"
"19-05-2022","13,550.90","13,625.75","13,680.65","13,520.95","1.52B","-2.64%"
"18-05-2022","13,918.20","13,989.35","14,064.00","13,896.60","1.59B","-0.06%"
"17-05-2022","13,926.05","13,648.45","13,944.70","13,632.15","1.54B","2.61%"
"16-05-2022","13,571.20","13,540.25","13,646.30","13,434.45","1.50B","0.74%"
"13-05-2022","13,471.50","13,621.20","13,738.55","13,435.05","1.73B","0.05%"
"12-05-2022","13,465.25","13,656.95","13,671.00","13,389.75","1.83B","-2.23%"
"11-05-2022","13,771.80","13,888.15","13,949.10","13,589.35","1.79B","-0.61%"
"10-05-2022","13,855.95","13,953.95","14,068.40","13,823.35","1.35B","-0.97%"
"09-05-2022","13,991.75","14,002.75","14,088.30","13,879.55","1.42B","-1.09%"
"06-05-2022","14,145.75","14,159.10","14,205.00","14,073.45","1.53B","-1.73%"
"05-05-2022","14,395.50","14,542.15","14,606.05","14,365.55","1.35B","0.01%"
"04-05-2022","14,393.35","14,771.45","14,798.30","14,343.60","1.62B","-2.33%"
"02-05-2022","14,736.30","14,647.25","14,751.05","14,617.75","1.41B","-0.32%"
"29-04-2022","14,783.35","14,991.45","15,011.70","14,743.35","1.61B","-0.88%"
"28-04-2022","14,913.90","14,886.50","14,964.60","14,765.85","1.61B","1.07%"
"27-04-2022","14,756.00","14,797.35","14,825.55","14,678.95","1.54B","-0.96%"
"26-04-2022","14,898.35","14,818.80","14,915.35","14,785.85","1.36B","1.54%"
"25-04-2022","14,673.00","14,758.60","14,769.10","14,623.10","1.53B","-1.49%"
"22-04-2022","14,894.85","14,948.10","15,015.35","14,875.80","1.49B","-1.06%"
"21-04-2022","15,053.95","14,946.30","15,067.45","14,929.15","1.44B","1.37%"
"20-04-2022","14,850.30","14,807.15","14,905.25","14,747.95","1.46B","0.84%"
"19-04-2022","14,726.65","15,012.75","15,041.65","14,617.05","1.85B","-1.34%"
"18-04-2022","14,926.05","14,942.60","14,971.50","14,821.25","1.67B","-1.40%"
"13-04-2022","15,138.55","15,239.65","15,284.70","15,126.65","1.39B","-0.17%"
"12-04-2022","15,164.70","15,281.85","15,283.35","15,078.45","1.77B","-1.05%"
"11-04-2022","15,325.50","15,337.50","15,386.85","15,294.30","1.75B","-0.11%"
"08-04-2022","15,342.40","15,271.35","15,386.10","15,202.50","2.39B","0.93%"
"07-04-2022","15,201.25","15,292.35","15,361.20","15,185.70","3.30B","-0.83%"
"06-04-2022","15,327.90","15,318.15","15,387.40","15,293.85","2.84B","-0.41%"
"05-04-2022","15,390.50","15,433.05","15,477.80","15,360.20","1.87B","0.04%"
"04-04-2022","15,384.20","15,192.80","15,393.35","15,184.70","1.96B","1.97%"
"01-04-2022","15,087.30","14,890.10","15,111.35","14,882.60","1.85B","1.29%"
"31-03-2022","14,894.50","14,925.55","14,963.40","14,871.00","1.82B","-0.02%"
"30-03-2022","14,896.90","14,880.70","14,924.75","14,823.55","2.15B","0.91%"
"29-03-2022","14,761.90","14,744.05","14,773.15","14,689.60","1.72B","0.59%"
"28-03-2022","14,675.85","14,686.25","14,694.85","14,515.65","1.55B","0.16%"
"25-03-2022","14,651.70","14,763.90","14,768.30","14,590.45","1.40B","-0.32%"
"24-03-2022","14,699.35","14,598.75","14,744.70","14,595.70","1.61B","0.03%"
"23-03-2022","14,695.15","14,806.60","14,833.30","14,660.45","1.68B","-0.20%"
"22-03-2022","14,724.05","14,613.10","14,738.15","14,492.25","1.52B","0.83%"
"21-03-2022","14,602.35","14,773.05","14,789.85","14,590.70","1.50B","-0.81%"
"17-03-2022","14,721.70","14,667.20","14,756.55","14,644.75","2.60B","1.66%"
"16-03-2022","14,481.80","14,392.55","14,491.45","14,369.50","1.28B","1.87%"
"15-03-2022","14,215.85","14,408.75","14,433.75","14,130.90","1.77B","-1.10%"
"14-03-2022","14,374.60","14,248.90","14,389.35","14,189.10","1.45B","0.97%"
"11-03-2022","14,237.15","14,145.50","14,268.30","14,098.70","1.53B","0.34%"
"10-03-2022","14,189.00","14,313.20","14,316.80","14,079.85","1.95B","1.50%"
"09-03-2022","13,979.60","13,786.40","14,037.65","13,721.95","1.86B","1.99%"
"08-03-2022","13,706.75","13,504.75","13,720.10","13,423.55","1.99B","1.05%"
"07-03-2022","13,564.25","13,594.75","13,637.50","13,438.30","2.13B","-2.37%"
"04-03-2022","13,893.15","14,020.20","14,075.00","13,828.45","2.16B","-1.72%"
"03-03-2022","14,135.95","14,327.70","14,364.60","14,094.30","1.98B","-0.45%"
"02-03-2022","14,199.80","14,161.70","14,265.50","14,104.75","1.96B","-0.76%"
"28-02-2022","14,307.95","14,047.75","14,320.95","13,928.80","2.04B","0.85%"
"25-02-2022","14,187.40","14,018.10","14,247.05","14,007.70","2.08B","2.99%"
"24-02-2022","13,775.70","14,055.85","14,180.85","13,747.45","2.90B","-5.04%"
"23-02-2022","14,506.95","14,581.05","14,629.05","14,482.30","1.36B","0.12%"
"22-02-2022","14,489.05","14,269.45","14,527.20","14,267.60","1.79B","-0.74%"
"21-02-2022","14,597.10","14,638.35","14,733.10","14,498.20","1.69B","-0.77%"
"18-02-2022","14,710.70","14,711.30","14,815.00","14,692.65","1.11B","-0.42%"
"17-02-2022","14,772.05","14,857.10","14,895.65","14,725.05","1.17B","-0.12%"
"16-02-2022","14,789.90","14,876.65","14,935.60","14,756.50","1.47B","-0.11%"
"15-02-2022","14,805.55","14,469.00","14,822.75","14,348.40","1.81B","2.81%"
"14-02-2022","14,400.40","14,606.55","14,638.65","14,370.70","1.73B","-3.30%"
"11-02-2022","14,891.30","14,988.95","14,990.60","14,862.05","1.40B","-1.46%"
"10-02-2022","15,112.20","15,084.35","15,134.10","14,972.35","1.68B","0.64%"
"09-02-2022","15,016.35","14,942.75","15,026.50","14,925.05","1.41B","1.07%"
"08-02-2022","14,857.05","14,926.50","14,955.25","14,689.15","1.79B","-0.09%"
"07-02-2022","14,870.60","15,065.05","15,126.65","14,796.20","1.78B","-1.42%"
"04-02-2022","15,085.45","15,159.60","15,188.40","15,048.35","1.70B","-0.33%"
"03-02-2022","15,135.90","15,289.15","15,296.35","15,101.00","1.72B","-1.03%"
"02-02-2022","15,293.35","15,218.25","15,304.60","15,201.45","1.98B","1.17%"
"01-02-2022","15,116.20","15,073.15","15,138.20","14,850.30","2.29B","1.31%"
"31-01-2022","14,921.45","14,894.75","14,975.80","14,857.55","1.70B","1.35%"
"28-01-2022","14,723.25","14,773.05","14,952.15","14,701.60","2.11B","0.30%"
"27-01-2022","14,679.70","14,671.70","14,735.75","14,489.80","2.25B","-1.03%"
"25-01-2022","14,832.20","14,577.55","14,853.00","14,410.90","2.06B","0.82%"
"24-01-2022","14,712.05","15,155.00","15,165.40","14,577.15","2.09B","-3.09%"
"21-01-2022","15,180.80","15,252.90","15,294.70","15,069.05","1.62B","-1.17%"
"20-01-2022","15,361.10","15,464.45","15,486.15","15,280.55","1.45B","-0.72%"
"19-01-2022","15,472.50","15,580.40","15,580.40","15,403.20","1.82B","-0.65%"
"18-01-2022","15,573.10","15,819.45","15,834.20","15,546.65","1.88B","-1.32%"
"17-01-2022","15,781.25","15,731.35","15,794.95","15,718.25","1.70B","0.32%"
"14-01-2022","15,730.40","15,667.95","15,754.45","15,619.55","1.60B","0.06%"
"13-01-2022","15,721.05","15,710.30","15,730.95","15,629.45","1.90B","0.34%"
"12-01-2022","15,667.90","15,627.05","15,678.70","15,595.65","2.49B","0.88%"
"11-01-2022","15,530.55","15,497.50","15,559.10","15,462.05","3.92B","0.23%"
"10-01-2022","15,495.55","15,427.65","15,504.00","15,400.55","1.86B","0.96%"
"07-01-2022","15,348.55","15,333.45","15,418.40","15,255.45","1.96B","0.38%"
"06-01-2022","15,290.10","15,275.75","15,315.50","15,197.10","1.88B","-0.69%"
"05-01-2022","15,396.40","15,329.75","15,410.60","15,264.85","1.91B","0.51%"
"04-01-2022","15,318.75","15,260.90","15,333.60","15,168.15","2.03B","0.75%"
"03-01-2022","15,204.60","15,030.50","15,220.05","15,028.55","1.75B","1.39%"
"31-12-2021","14,996.20","14,879.25","15,022.35","14,877.85","1.84B","1.04%"
"30-12-2021","14,842.05","14,856.10","14,894.65","14,815.00","1.82B","-0.14%"
"29-12-2021","14,863.40","14,866.20","14,922.35","14,835.35","1.62B","-0.03%"
"28-12-2021","14,867.85","14,809.50","14,880.85","14,805.30","1.23B","0.95%"
"27-12-2021","14,727.60","14,617.15","14,745.55","14,515.25","1.36B","0.43%"
"24-12-2021","14,664.80","14,813.90","14,819.20","14,605.05","1.40B","-0.59%"
"23-12-2021","14,751.45","14,738.30","14,779.30","14,708.70","1.28B","0.76%"
"22-12-2021","14,639.75","14,542.70","14,652.35","14,522.55","1.41B","1.23%"
"21-12-2021","14,461.40","14,423.70","14,584.95","14,386.45","1.66B","1.12%"
"20-12-2021","14,300.70","14,523.50","14,533.80","14,128.15","2.12B","-2.54%"
"17-12-2021","14,673.15","14,952.75","14,966.10","14,658.50","1.92B","-1.76%"
"16-12-2021","14,936.45","15,072.95","15,078.85","14,891.60","1.66B","-0.11%"
"15-12-2021","14,953.10","15,050.10","15,075.70","14,936.60","1.51B","-0.60%"
"14-12-2021","15,043.25","15,005.50","15,072.00","14,947.95","1.82B","-0.14%"
"13-12-2021","15,064.25","15,258.10","15,280.00","15,052.90","2.05B","-0.60%"
"10-12-2021","15,155.00","15,103.65","15,168.80","15,069.80","2.45B","0.19%"
"09-12-2021","15,126.60","15,126.55","15,141.00","15,023.20","3.13B","0.35%"
"08-12-2021","15,073.25","14,945.30","15,084.50","14,941.30","1.74B","1.61%"
"07-12-2021","14,834.50","14,733.25","14,881.75","14,683.25","2.07B","1.48%"
"06-12-2021","14,618.35","14,876.25","14,882.15","14,599.35","2.91B","-1.60%"
"03-12-2021","14,856.30","15,002.65","15,054.95","14,845.25","2.47B","-0.79%"
"02-12-2021","14,973.95","14,808.80","14,990.30","14,786.65","2.14B","1.28%"
"01-12-2021","14,784.70","14,743.70","14,822.50","14,694.30","2.32B","0.93%"
"30-11-2021","14,648.35","14,662.05","14,912.75","14,608.60","2.70B","-0.06%"
"29-11-2021","14,656.45","14,683.05","14,749.50","14,402.10","2.24B","-0.35%"
"26-11-2021","14,707.20","14,990.85","15,012.10","14,674.75","2.24B","-2.93%"
"25-11-2021","15,150.60","15,057.60","15,166.65","14,984.70","1.86B","0.69%"
"24-11-2021","15,046.50","15,159.95","15,199.20","14,997.30","1.87B","-0.41%"
"23-11-2021","15,107.80","14,876.00","15,137.15","14,820.40","2.14B","0.88%"
"22-11-2021","14,976.70","15,333.90","15,339.65","14,846.70","2.11B","-2.13%"
"18-11-2021","15,302.55","15,461.50","15,502.60","15,239.80","1.73B","-0.99%"
"17-11-2021","15,454.95","15,487.15","15,560.75","15,436.95","1.37B","-0.45%"
"16-11-2021","15,525.40","15,613.10","15,626.65","15,492.60","1.51B","-0.43%"
"15-11-2021","15,592.60","15,625.75","15,664.45","15,558.05","1.33B","0.09%"
"12-11-2021","15,579.00","15,504.35","15,591.45","15,429.60","1.54B","1.09%"
"11-11-2021","15,411.10","15,497.25","15,499.90","15,351.20","1.51B","-0.71%"
"10-11-2021","15,521.10","15,492.05","15,562.45","15,458.50","1.89B","-0.13%"
"09-11-2021","15,541.95","15,542.05","15,579.50","15,487.70","2.04B","0.14%"
"08-11-2021","15,520.15","15,474.25","15,535.05","15,313.20","1.76B","0.93%"
"04-11-2021","15,376.90","15,380.95","15,396.85","15,363.35","371.11M","0.62%"
"03-11-2021","15,282.75","15,367.70","15,397.30","15,212.15","1.62B","-0.21%"
"02-11-2021","15,314.65","15,344.35","15,373.70","15,278.70","1.71B","0.08%"
"01-11-2021","15,302.70","15,179.40","15,318.15","15,111.30","1.86B","1.43%"
"29-10-2021","15,086.90","15,163.50","15,266.40","14,961.50","2.34B","-0.68%"
"28-10-2021","15,190.85","15,475.40","15,475.45","15,148.20","2.39B","-1.90%"
"27-10-2021","15,484.35","15,541.75","15,583.20","15,454.10","1.91B","-0.10%"
"26-10-2021","15,499.65","15,360.35","15,528.90","15,356.50","2.38B","1.08%"
"25-10-2021","15,334.35","15,492.00","15,498.40","15,181.60","2.42B","-0.42%"
"22-10-2021","15,399.70","15,537.05","15,600.45","15,328.90","2.66B","-0.57%"
"21-10-2021","15,487.65","15,666.60","15,667.00","15,373.45","2.52B","-0.52%"
"20-10-2021","15,568.65","15,768.00","15,776.35","15,497.00","2.61B","-1.20%"
"19-10-2021","15,757.85","16,003.95","16,004.45","15,716.70","2.96B","-0.81%"
"18-10-2021","15,886.15","15,924.10","15,949.20","15,871.40","3.73B","0.74%"
"14-10-2021","15,769.25","15,733.30","15,781.00","15,710.10","2.58B","0.88%"
"13-10-2021","15,631.40","15,573.60","15,660.20","15,546.85","3.03B","0.97%"
"12-10-2021","15,481.90","15,426.60","15,493.25","15,371.80","2.78B","0.35%"
"11-10-2021","15,428.00","15,374.50","15,497.80","15,356.55","2.17B","0.41%"
"08-10-2021","15,365.20","15,375.30","15,402.70","15,317.40","1.86B","0.49%"
"07-10-2021","15,290.15","15,274.65","15,335.95","15,251.00","2.13B","1.03%"
"06-10-2021","15,134.55","15,328.95","15,349.20","15,109.10","2.58B","-0.95%"
"05-10-2021","15,280.10","15,171.25","15,287.70","15,150.50","2.53B","0.65%"
"04-10-2021","15,181.15","15,094.40","15,195.20","15,075.25","2.05B","1.11%"
"01-10-2021","15,013.95","14,994.80","15,031.55","14,932.75","2.55B","-0.26%"
"30-09-2021","15,052.65","15,109.70","15,137.55","15,026.95","3.25B","-0.23%"
"29-09-2021","15,086.95","15,023.30","15,141.05","14,985.40","3.07B","-0.06%"
"28-09-2021","15,095.60","15,235.10","15,239.65","14,967.05","2.25B","-0.62%"
"27-09-2021","15,189.05","15,261.35","15,262.65","15,139.60","1.86B","-0.02%"
"24-09-2021","15,191.95","15,274.10","15,305.20","15,160.45","2.68B","-0.09%"
"23-09-2021","15,205.45","15,097.10","15,219.35","15,085.55","2.05B","1.43%"
"22-09-2021","14,990.55","14,977.30","15,030.85","14,950.35","2.02B","0.30%"
"21-09-2021","14,946.30","14,856.85","14,959.45","14,734.70","2.23B","0.81%"
"20-09-2021","14,826.75","14,907.50","15,047.65","14,800.85","2.43B","-1.33%"
"17-09-2021","15,027.25","15,169.90","15,207.70","14,979.35","4.29B","-0.51%"
"16-09-2021","15,104.90","15,050.85","15,115.35","15,012.25","5.35B","0.56%"
"15-09-2021","15,020.55","14,927.95","15,028.65","14,921.10","3.14B","0.78%"
"14-09-2021","14,904.35","14,917.05","14,935.55","14,881.55","2.92B","0.35%"
"13-09-2021","14,852.20","14,839.80","14,865.75","14,769.10","1.67B","0.11%"
"09-09-2021","14,836.45","14,780.60","14,844.40","14,774.15","1.83B","0.22%"
"08-09-2021","14,803.60","14,802.85","14,825.10","14,716.65","2.68B","0.13%"
"07-09-2021","14,784.25","14,834.95","14,852.25","14,713.55","2.37B","-0.15%"
"06-09-2021","14,805.85","14,827.05","14,843.40","14,783.45","1.61B","0.32%"
"03-09-2021","14,759.30","14,724.70","14,770.85","14,682.20","2.45B","0.51%"
"02-09-2021","14,684.35","14,571.30","14,692.00","14,548.50","2.20B","0.91%"
"01-09-2021","14,551.35","14,611.65","14,640.60","14,527.05","1.84B","-0.03%"
"31-08-2021","14,555.90","14,421.30","14,571.80","14,393.50","1.94B","1.10%"
"30-08-2021","14,397.90","14,257.40","14,411.95","14,250.55","1.42B","1.45%"
"27-08-2021","14,192.50","14,126.30","14,203.95","14,064.10","1.32B","0.61%"
"26-08-2021","14,106.95","14,106.45","14,147.05","14,074.90","1.49B","0.09%"
"25-08-2021","14,093.60","14,103.10","14,145.45","14,070.55","1.38B","0.22%"
"24-08-2021","14,063.25","13,986.95","14,075.90","13,942.50","1.61B","0.95%"
"23-08-2021","13,930.55","14,063.35","14,063.50","13,841.00","2.03B","-0.10%"
"20-08-2021","13,943.95","13,951.50","14,047.90","13,910.20","1.89B","-1.08%"
"18-08-2021","14,095.55","14,171.05","14,186.50","14,072.00","1.75B","-0.12%"
"17-08-2021","14,113.10","14,063.90","14,123.60","14,010.90","1.57B","0.30%"
"16-08-2021","14,070.80","14,063.75","14,087.40","14,016.75","1.31B","0.04%"
"13-08-2021","14,065.30","13,997.75","14,079.65","13,991.70","1.56B","0.67%"
"12-08-2021","13,971.95","13,901.10","13,979.85","13,884.05","1.49B","0.69%"
"11-08-2021","13,876.55","13,924.05","13,938.60","13,716.70","1.97B","-0.12%"
"10-08-2021","13,892.75","13,957.60","13,996.85","13,809.45","1.94B","-0.30%"
"09-08-2021","13,935.05","13,993.60","14,007.55","13,870.25","2.36B","-0.14%"
"06-08-2021","13,954.65","13,996.60","14,029.80","13,946.05","2.81B","-0.19%"
"05-08-2021","13,981.55","14,000.90","14,003.10","13,891.70","3.96B","0.09%"
"04-08-2021","13,969.35","13,998.05","14,045.05","13,944.10","3.15B","0.22%"
"03-08-2021","13,939.20","13,840.60","13,950.25","13,817.90","2.41B","1.13%"
"02-08-2021","13,783.70","13,759.80","13,789.90","13,732.85","1.95B","0.87%"
"30-07-2021","13,664.25","13,671.55","13,739.70","13,635.45","2.16B","0.15%"
"29-07-2021","13,643.75","13,631.50","13,668.90","13,608.90","2.11B","0.48%"
"28-07-2021","13,579.15","13,631.55","13,631.55","13,409.10","2.02B","-0.23%"
"27-07-2021","13,610.30","13,715.15","13,740.90","13,569.35","1.84B","-0.47%"
"26-07-2021","13,675.10","13,692.20","13,731.10","13,648.45","1.80B","-0.09%"
"23-07-2021","13,687.00","13,711.25","13,728.40","13,629.65","2.60B","0.12%"
"22-07-2021","13,670.20","13,592.40","13,678.95","13,590.30","2.17B","1.29%"
"20-07-2021","13,495.60","13,594.85","13,614.75","13,437.15","1.80B","-0.91%"
"19-07-2021","13,619.85","13,624.30","13,693.35","13,573.65","2.36B","-0.89%"
"16-07-2021","13,742.35","13,756.75","13,761.10","13,706.50","2.08B","0.16%"
"15-07-2021","13,720.35","13,686.35","13,738.60","13,677.35","1.62B","0.43%"
"14-07-2021","13,661.10","13,638.30","13,678.80","13,606.35","1.35B","0.24%"
"13-07-2021","13,628.85","13,633.10","13,635.55","13,580.45","1.54B","0.59%"
"12-07-2021","13,549.00","13,603.60","13,620.15","13,512.70","1.81B","0.16%"
"09-07-2021","13,527.95","13,513.50","13,545.65","13,470.20","1.57B","-0.04%"
"08-07-2021","13,532.70","13,627.70","13,660.85","13,488.10","1.87B","-0.72%"
"07-07-2021","13,631.00","13,577.50","13,644.45","13,542.05","1.79B","0.42%"
"06-07-2021","13,574.15","13,579.15","13,661.90","13,561.75","2.23B","-0.09%"
"05-07-2021","13,585.75","13,558.40","13,593.50","13,536.90","1.99B","0.68%"
"02-07-2021","13,494.45","13,480.30","13,506.10","13,435.25","1.81B","0.30%"
"01-07-2021","13,454.10","13,504.70","13,505.05","13,441.55","2.05B","-0.14%"
"30-06-2021","13,473.55","13,513.25","13,552.95","13,462.20","2.23B","-0.06%"
"29-06-2021","13,481.95","13,535.55","13,567.80","13,461.25","2.12B","-0.38%"
"28-06-2021","13,533.05","13,589.75","13,589.85","13,515.05","2.29B","-0.05%"
"25-06-2021","13,539.40","13,512.15","13,549.10","13,471.00","2.38B","0.53%"
"24-06-2021","13,468.25","13,460.80","13,486.75","13,434.50","1.93B","0.33%"
"23-06-2021","13,423.35","13,570.10","13,570.20","13,412.45","2.59B","-0.50%"
"22-06-2021","13,491.10","13,543.40","13,589.65","13,473.35","2.64B","0.26%"
"21-06-2021","13,456.10","13,240.90","13,468.80","13,221.05","2.61B","0.52%"
"18-06-2021","13,386.55","13,471.90","13,474.95","13,155.55","3.64B","-0.29%"
"17-06-2021","13,425.15","13,405.90","13,520.90","13,372.40","2.30B","-0.63%"
"16-06-2021","13,510.60","13,595.10","13,621.65","13,487.15","2.25B","-0.71%"
"15-06-2021","13,607.80","13,601.35","13,634.35","13,587.75","2.29B","0.40%"
"14-06-2021","13,554.15","13,551.75","13,565.00","13,342.40","2.89B","-0.07%"
"11-06-2021","13,563.85","13,577.05","13,601.00","13,513.85","2.69B","0.35%"
"10-06-2021","13,517.20","13,458.65","13,524.85","13,431.25","2.59B","0.90%"
"09-06-2021","13,396.40","13,532.20","13,569.75","13,333.85","3.37B","-0.74%"
"08-06-2021","13,496.55","13,510.05","13,513.05","13,420.55","2.76B","0.13%"
"07-06-2021","13,479.65","13,454.10","13,498.30","13,418.50","3.33B","0.64%"
"04-06-2021","13,393.90","13,412.75","13,433.60","13,352.15","3.06B","0.10%"
"03-06-2021","13,380.50","13,347.05","13,392.75","13,332.00","2.70B","0.80%"
"02-06-2021","13,274.25","13,183.80","13,290.70","13,177.80","2.62B","0.48%"
"01-06-2021","13,210.40","13,274.25","13,292.40","13,164.85","2.04B","-0.12%"
"31-05-2021","13,226.35","13,135.85","13,244.40","13,080.65","2.22B","0.83%"
"28-05-2021","13,117.05","13,134.70","13,160.35","13,098.85","2.52B","0.39%"
"27-05-2021","13,066.25","13,052.85","13,091.35","13,007.15","3.50B","0.34%"
"26-05-2021","13,022.20","13,010.00","13,043.85","12,954.15","2.37B","0.46%"
"25-05-2021","12,963.00","13,045.40","13,046.15","12,929.15","2.54B","0.00%"
"24-05-2021","12,962.45","12,963.00","13,003.60","12,912.25","2.95B","0.35%"
"21-05-2021","12,917.85","12,815.55","12,929.05","12,803.15","2.67B","1.42%"
"20-05-2021","12,736.45","12,831.30","12,854.65","12,718.20","2.68B","-0.57%"
"19-05-2021","12,809.00","12,816.55","12,882.50","12,791.15","2.43B","-0.23%"
"18-05-2021","12,839.10","12,794.95","12,855.60","12,783.15","2.44B","1.32%"
"17-05-2021","12,672.10","12,544.55","12,683.80","12,511.30","2.44B","1.60%"
"14-05-2021","12,472.15","12,595.15","12,595.35","12,408.10","2.99B","-0.52%"
"12-05-2021","12,537.95","12,646.25","12,646.95","12,496.65","4.15B","-0.83%"
"11-05-2021","12,642.25","12,559.95","12,675.20","12,538.65","3.75B","-0.22%"
"10-05-2021","12,669.90","12,649.45","12,685.80","12,625.90","3.08B","0.85%"
"07-05-2021","12,563.10","12,579.90","12,600.15","12,527.35","2.59B","0.49%"
"06-05-2021","12,501.90","12,465.70","12,514.10","12,407.65","2.21B","0.72%"
"05-05-2021","12,413.00","12,394.85","12,426.95","12,319.25","2.15B","0.92%"
"04-05-2021","12,300.45","12,457.40","12,487.15","12,272.35","3.09B","-0.76%"
"03-05-2021","12,395.25","12,256.85","12,419.00","12,210.55","2.32B","0.25%"
"30-04-2021","12,364.35","12,425.80","12,524.10","12,341.20","2.33B","-1.34%"
"29-04-2021","12,532.80","12,613.80","12,659.40","12,471.90","2.20B","0.12%"
"28-04-2021","12,517.95","12,422.50","12,537.05","12,412.00","1.90B","1.26%"
"27-04-2021","12,362.55","12,238.55","12,374.00","12,232.80","1.94B","1.19%"
"26-04-2021","12,216.85","12,197.10","12,263.60","12,180.85","1.76B","0.92%"
"23-04-2021","12,105.60","12,086.20","12,199.40","12,044.90","1.94B","-0.22%"
"22-04-2021","12,132.05","11,997.20","12,147.50","11,950.65","1.93B","0.64%"
"20-04-2021","12,055.40","12,213.55","12,232.85","11,981.35","1.78B","-0.17%"
"19-04-2021","12,076.45","12,032.75","12,094.55","11,923.20","1.96B","-1.80%"
"16-04-2021","12,298.05","12,261.90","12,358.55","12,232.40","1.82B","0.49%"
"15-04-2021","12,237.60","12,189.80","12,248.90","12,055.15","2.04B","0.42%"
"13-04-2021","12,186.70","12,068.05","12,201.55","12,006.70","2.28B","1.35%"
"12-04-2021","12,024.10","12,357.35","12,361.40","11,978.45","2.87B","-4.02%"
"09-04-2021","12,527.40","12,552.90","12,591.95","12,490.00","2.09B","-0.11%"
"08-04-2021","12,541.65","12,533.45","12,624.25","12,501.25","2.10B","0.48%"
"07-04-2021","12,481.30","12,389.25","12,510.70","12,347.70","1.88B","1.00%"
"06-04-2021","12,358.10","12,374.70","12,422.85","12,254.95","1.90B","0.48%"
"05-04-2021","12,298.60","12,463.70","12,466.25","12,149.40","2.04B","-1.45%"
"01-04-2021","12,479.00","12,401.35","12,492.55","12,334.35","2.03B","1.34%"
"31-03-2021","12,313.70","12,376.80","12,376.80","12,298.70","2.02B","-0.60%"
"30-03-2021","12,387.90","12,256.00","12,404.25","12,249.00","2.34B","1.97%"
"26-03-2021","12,148.90","12,134.75","12,191.95","12,072.20","2.17B","1.30%"
"25-03-2021","11,993.30","12,218.80","12,221.55","11,939.00","2.80B","-1.67%"
"24-03-2021","12,197.20","12,346.05","12,390.60","12,183.70","1.91B","-1.77%"
"23-03-2021","12,417.30","12,375.40","12,462.00","12,340.30","1.93B","0.64%"
"22-03-2021","12,338.60","12,322.75","12,360.45","12,235.60","1.85B","0.20%"
"19-03-2021","12,314.50","12,096.80","12,342.30","11,951.40","3.13B","1.15%"
"18-03-2021","12,174.45","12,426.90","12,449.85","12,100.60","2.31B","-1.18%"
"17-03-2021","12,319.90","12,540.15","12,546.55","12,301.15","1.94B","-1.54%"
"16-03-2021","12,512.70","12,564.80","12,601.05","12,487.80","1.86B","0.02%"
"15-03-2021","12,510.15","12,623.05","12,624.30","12,364.95","2.06B","-0.67%"
"12-03-2021","12,593.90","12,806.15","12,816.15","12,534.45","2.33B","-0.77%"
"10-03-2021","12,691.35","12,705.10","12,722.60","12,627.80","1.67B","0.59%"
"09-03-2021","12,617.20","12,638.40","12,679.65","12,494.60","2.35B","0.46%"
"08-03-2021","12,558.95","12,607.05","12,682.55","12,534.75","2.16B","0.16%"
"05-03-2021","12,539.00","12,621.95","12,697.05","12,478.45","2.79B","-1.18%"
"04-03-2021","12,688.85","12,607.55","12,771.10","12,589.75","3.13B","-0.59%"
"03-03-2021","12,764.80","12,635.85","12,781.85","12,603.05","2.96B","1.96%"
"02-03-2021","12,519.40","12,458.35","12,548.20","12,385.95","2.94B","1.22%"
"01-03-2021","12,368.30","12,316.30","12,395.80","12,271.85","2.89B","1.53%"
"26-02-2021","12,181.40","12,401.05","12,449.00","12,134.50","4.14B","-3.07%"
"25-02-2021","12,567.85","12,543.50","12,615.40","12,533.30","3.27B","0.90%"
"24-02-2021","12,455.20","12,299.55","12,470.20","12,294.85","1.82B","1.56%"
"23-02-2021","12,263.70","12,294.30","12,356.45","12,190.65","2.79B","0.42%"
"22-02-2021","12,212.55","12,457.25","12,471.65","12,174.60","2.74B","-1.82%"
"19-02-2021","12,438.80","12,540.85","12,592.50","12,360.70","4.13B","-1.01%"
"18-02-2021","12,565.70","12,633.30","12,655.40","12,535.65","3.90B","-0.25%"
"17-02-2021","12,597.45","12,631.10","12,669.85","12,561.55","3.44B","-0.39%"
"16-02-2021","12,647.20","12,679.65","12,724.55","12,580.95","2.74B","0.12%"
"15-02-2021","12,632.05","12,592.00","12,648.70","12,576.70","2.19B","0.99%"
"12-02-2021","12,508.55","12,531.35","12,571.00","12,443.05","2.43B","-0.04%"
"11-02-2021","12,514.10","12,433.50","12,522.45","12,426.15","2.38B","0.50%"
"10-02-2021","12,452.45","12,452.95","12,490.45","12,347.10","2.38B","0.15%"
"09-02-2021","12,434.20","12,487.60","12,545.45","12,396.20","2.93B","-0.06%"
"08-02-2021","12,441.30","12,389.50","12,469.30","12,376.65","2.55B","1.31%"
"05-02-2021","12,279.85","12,345.25","12,386.25","12,247.45","3.53B","-0.05%"
"04-02-2021","12,285.85","12,184.65","12,297.55","12,140.85","3.40B","0.92%"
"03-02-2021","12,174.05","12,139.70","12,234.70","12,005.40","3.08B","1.00%"
"02-02-2021","12,053.25","11,921.70","12,102.60","11,916.65","3.12B","2.41%"
"01-02-2021","11,770.15","11,396.90","11,806.45","11,304.00","3.21B","4.14%"
"29-01-2021","11,302.40","11,549.85","11,568.90","11,273.55","2.76B","-1.22%"
"28-01-2021","11,442.55","11,419.30","11,503.20","11,365.85","2.95B","-0.90%"
"27-01-2021","11,546.35","11,744.30","11,744.30","11,511.55","2.60B","-1.68%"
"25-01-2021","11,743.70","11,951.10","11,968.40","11,719.55","2.69B","-0.93%"
"22-01-2021","11,854.50","12,020.30","12,053.10","11,842.40","3.04B","-1.34%"
"21-01-2021","12,015.95","12,154.70","12,167.95","11,959.60","2.73B","-0.52%"
"20-01-2021","12,078.35","12,002.10","12,092.05","11,987.60","2.41B","0.81%"
"19-01-2021","11,981.85","11,851.15","11,993.30","11,849.15","2.21B","1.75%"
"18-01-2021","11,776.20","11,943.65","11,948.20","11,733.35","2.84B","-1.30%"
"15-01-2021","11,931.20","12,078.60","12,100.85","11,864.05","3.92B","-1.15%"
"14-01-2021","12,069.50","12,043.40","12,081.55","11,976.15","2.48B","0.24%"
"13-01-2021","12,041.10","12,123.00","12,133.40","11,925.00","3.84B","-0.14%"
"12-01-2021","12,058.35","12,000.80","12,083.70","11,969.75","3.50B","0.43%"
"11-01-2021","12,006.50","12,024.65","12,024.65","11,921.75","2.41B","0.68%"
"08-01-2021","11,925.60","11,865.50","11,940.45","11,841.85","2.87B","1.36%"
"07-01-2021","11,766.10","11,833.60","11,834.40","11,753.80","2.92B","0.24%"
"06-01-2021","11,737.90","11,806.75","11,817.10","11,640.15","3.21B","-0.25%"
"05-01-2021","11,767.00","11,647.60","11,780.80","11,613.50","2.86B","0.64%"
"04-01-2021","11,691.80","11,651.50","11,703.25","11,542.15","3.24B","1.01%"
"01-01-2021","11,574.85","11,535.85","11,594.85","11,532.60","2.20B","0.49%"
"31-12-2020","11,518.30","11,508.55","11,548.35","11,483.55","2.70B","0.08%"
"30-12-2020","11,509.65","11,507.05","11,521.20","11,414.10","1.87B","0.37%"
"29-12-2020","11,467.00","11,475.25","11,506.20","11,405.80","2.02B","0.28%"
"28-12-2020","11,434.70","11,387.45","11,443.45","11,386.10","1.95B","0.97%"
"24-12-2020","11,325.25","11,292.05","11,342.45","11,245.75","2.17B","0.89%"
"23-12-2020","11,225.55","11,092.40","11,239.60","11,062.20","2.58B","1.35%"
"22-12-2020","11,075.75","10,979.85","11,097.30","10,791.85","2.98B","1.02%"
"21-12-2020","10,964.25","11,338.40","11,365.55","10,787.50","2.78B","-3.44%"
"18-12-2020","11,355.00","11,368.70","11,376.70","11,263.15","2.28B","0.08%"
"17-12-2020","11,346.35","11,347.10","11,385.60","11,322.75","2.01B","0.23%"
"16-12-2020","11,320.10","11,299.20","11,328.40","11,265.80","2.51B","0.86%"
"15-12-2020","11,223.90","11,212.35","11,234.45","11,128.40","2.33B","0.08%"
"14-12-2020","11,215.25","11,223.30","11,240.40","11,157.65","2.15B","0.39%"
"11-12-2020","11,171.40","11,172.65","11,221.95","11,082.00","3.06B","0.27%"
"10-12-2020","11,141.35","11,156.90","11,156.90","11,060.20","2.67B","-0.36%"
"09-12-2020","11,181.20","11,147.55","11,201.75","11,143.45","3.17B","0.83%"
"08-12-2020","11,088.65","11,112.60","11,136.80","11,008.40","3.18B","0.17%"
"07-12-2020","11,070.25","10,994.15","11,078.35","10,982.75","2.44B","0.83%"
"04-12-2020","10,978.85","10,934.65","10,990.20","10,888.95","2.68B","0.78%"
"03-12-2020","10,893.60","10,936.75","10,936.75","10,871.80","2.73B","0.33%"
"02-12-2020","10,858.15","10,856.25","10,866.15","10,755.90","2.78B","0.21%"
"01-12-2020","10,835.15","10,803.25","10,850.15","10,734.30","2.71B","1.08%"
"27-11-2020","10,719.05","10,703.25","10,751.00","10,670.20","4.52B","0.42%"
"26-11-2020","10,674.05","10,611.05","10,694.75","10,531.90","2.08B","0.94%"
"25-11-2020","10,574.95","10,794.40","10,804.10","10,556.20","2.73B","-1.48%"
"24-11-2020","10,733.60","10,698.30","10,749.35","10,686.50","2.42B","0.92%"
"23-11-2020","10,635.95","10,642.85","10,661.25","10,567.45","2.66B","0.71%"
"20-11-2020","10,560.55","10,514.85","10,583.75","10,456.95","2.58B","0.79%"
"19-11-2020","10,477.50","10,522.90","10,633.15","10,453.60","2.69B","-1.05%"
"18-11-2020","10,588.35","10,516.75","10,594.95","10,491.50","2.50B","0.61%"
"17-11-2020","10,524.00","10,543.25","10,543.85","10,459.60","2.51B","0.80%"
"14-11-2020","10,440.35","10,470.90","10,476.55","10,415.95","604.09M","0.51%"
"13-11-2020","10,387.20","10,324.10","10,394.15","10,293.25","1.79B","0.43%"
"12-11-2020","10,342.70","10,334.75","10,367.85","10,294.55","2.20B","-0.13%"
"11-11-2020","10,356.50","10,308.50","10,378.05","10,233.35","2.19B","0.85%"
"10-11-2020","10,269.00","10,252.80","10,277.00","10,181.65","2.33B","0.91%"
"09-11-2020","10,176.35","10,137.30","10,183.50","10,100.45","1.68B","1.42%"
"06-11-2020","10,033.50","9,965.05","10,044.90","9,951.20","1.79B","0.99%"
"05-11-2020","9,935.35","9,874.35","9,941.50","9,857.25","1.73B","1.75%"
"04-11-2020","9,764.60","9,684.10","9,778.10","9,654.60","1.51B","0.70%"
"03-11-2020","9,696.30","9,648.65","9,715.45","9,643.00","1.67B","1.05%"
"02-11-2020","9,595.95","9,622.70","9,634.15","9,524.20","1.68B","0.15%"
"30-10-2020","9,581.65","9,605.10","9,665.00","9,500.70","1.89B","-0.12%"
"29-10-2020","9,593.40","9,557.15","9,637.85","9,530.25","1.57B","-0.40%"
"28-10-2020","9,632.35","9,773.85","9,782.95","9,602.75","1.69B","-1.19%"
"27-10-2020","9,748.30","9,674.15","9,756.05","9,607.60","1.60B","1.04%"
"26-10-2020","9,647.65","9,794.95","9,797.70","9,609.20","1.62B","-1.36%"
"23-10-2020","9,780.35","9,794.40","9,807.15","9,764.55","1.87B","0.36%"
"22-10-2020","9,745.05","9,726.45","9,763.80","9,683.80","1.63B","-0.12%"
"21-10-2020","9,756.60","9,780.50","9,821.95","9,635.30","1.72B","0.24%"
"20-10-2020","9,733.00","9,699.30","9,760.35","9,682.30","1.57B","0.24%"
"19-10-2020","9,709.30","9,710.95","9,717.60","9,664.45","1.62B","0.86%"
"16-10-2020","9,626.25","9,588.80","9,635.00","9,536.45","1.47B","0.80%"
"15-10-2020","9,550.05","9,801.55","9,802.90","9,535.70","1.64B","-2.19%"
"14-10-2020","9,763.40","9,726.45","9,781.25","9,657.50","1.60B","0.28%"
"13-10-2020","9,736.45","9,745.90","9,784.80","9,715.95","1.32B","-0.09%"
"12-10-2020","9,745.35","9,793.35","9,822.95","9,698.90","1.46B","-0.05%"
"09-10-2020","9,750.15","9,728.75","9,774.75","9,691.20","1.62B","0.39%"
"08-10-2020","9,711.80","9,724.55","9,759.30","9,674.95","1.76B","0.59%"
"07-10-2020","9,654.50","9,637.15","9,673.30","9,593.70","1.53B","0.33%"
"06-10-2020","9,622.35","9,592.65","9,633.35","9,564.05","1.56B","1.11%"
"05-10-2020","9,516.30","9,518.20","9,567.55","9,476.80","1.77B","0.58%"
"01-10-2020","9,461.70","9,433.70","9,472.40","9,423.80","1.65B","1.28%"
"30-09-2020","9,341.75","9,344.30","9,375.85","9,292.35","1.69B","0.24%"
"29-09-2020","9,319.70","9,385.75","9,401.80","9,286.05","1.98B","-0.11%"
"28-09-2020","9,330.25","9,237.75","9,338.70","9,212.75","1.92B","1.90%"
"25-09-2020","9,156.10","9,032.70","9,171.15","8,985.75","2.34B","2.36%"
"24-09-2020","8,944.75","9,094.10","9,097.40","8,933.95","2.12B","-2.71%"
"23-09-2020","9,194.35","9,296.45","9,309.05","9,106.00","2.22B","-0.21%"
"22-09-2020","9,213.90","9,339.80","9,340.25","9,117.95","2.19B","-1.06%"
"21-09-2020","9,313.00","9,565.95","9,582.35","9,284.75","1.87B","-2.58%"
"18-09-2020","9,559.50","9,622.15","9,626.55","9,517.80","2.20B","-0.08%"
"17-09-2020","9,566.75","9,584.55","9,624.65","9,553.85","1.46B","-0.68%"
"16-09-2020","9,632.50","9,595.75","9,640.95","9,575.00","1.55B","0.62%"
"15-09-2020","9,573.35","9,538.15","9,583.20","9,515.35","2.19B","0.84%"
"14-09-2020","9,493.30","9,520.00","9,577.85","9,446.85","2.13B","0.50%"
"11-09-2020","9,446.40","9,424.45","9,460.65","9,405.15","1.50B","0.28%"
"10-09-2020","9,420.25","9,359.55","9,429.90","9,345.60","1.87B","1.40%"
"09-09-2020","9,290.20","9,250.10","9,306.30","9,203.50","2.04B","-0.42%"
"08-09-2020","9,329.85","9,400.60","9,436.70","9,306.25","1.93B","-0.53%"
"07-09-2020","9,379.10","9,403.45","9,420.70","9,307.55","2.72B","0.01%"
"04-09-2020","9,377.95","9,388.35","9,476.60","9,355.05","3.34B","-1.64%"
"03-09-2020","9,534.65","9,550.35","9,567.75","9,520.10","2.95B","0.17%"
"02-09-2020","9,518.40","9,457.65","9,534.50","9,429.70","2.01B","0.81%"
"01-09-2020","9,442.25","9,422.45","9,479.10","9,353.20","3.78B","0.75%"
"31-08-2020","9,372.05","9,735.70","9,747.05","9,324.65","3.86B","-2.79%"
"28-08-2020","9,641.05","9,623.00","9,675.90","9,614.75","4.07B","0.63%"
"27-08-2020","9,580.70","9,619.60","9,625.65","9,568.80","2.35B","0.14%"
"26-08-2020","9,567.15","9,547.05","9,575.20","9,508.00","2.11B","0.61%"
"25-08-2020","9,509.25","9,545.60","9,556.50","9,469.20","2.12B","0.11%"
"24-08-2020","9,498.35","9,466.80","9,523.40","9,465.70","2.31B","0.79%"
"21-08-2020","9,423.55","9,451.20","9,465.05","9,415.65","2.43B","0.58%"
"20-08-2020","9,368.75","9,347.90","9,398.60","9,325.05","2.51B","-0.47%"
"19-08-2020","9,412.55","9,436.95","9,449.15","9,402.25","2.29B","0.33%"
"18-08-2020","9,382.05","9,286.10","9,392.75","9,282.10","1.90B","1.23%"
"17-08-2020","9,267.90","9,278.85","9,281.95","9,184.25","1.75B","0.58%"
"14-08-2020","9,214.40","9,350.65","9,365.85","9,157.65","2.47B","-1.00%"
"13-08-2020","9,307.85","9,314.95","9,339.20","9,280.30","2.34B","0.25%"
"12-08-2020","9,284.80","9,269.15","9,294.90","9,229.20","2.14B","-0.07%"
"11-08-2020","9,291.00","9,315.15","9,346.90","9,283.00","2.02B","0.24%"
"10-08-2020","9,268.55","9,257.20","9,308.75","9,241.50","2.08B","0.76%"
"07-08-2020","9,198.65","9,170.05","9,211.75","9,142.30","2.33B","0.32%"
"06-08-2020","9,169.10","9,150.15","9,205.10","9,115.75","1.91B","0.88%"
"05-08-2020","9,088.75","9,126.65","9,175.45","9,060.80","2.03B","0.15%"
"04-08-2020","9,074.95","8,980.55","9,085.75","8,951.00","1.88B","1.60%"
"03-08-2020","8,932.05","9,029.60","9,029.80","8,925.05","2.14B","-1.15%"
"31-07-2020","9,035.75","9,061.50","9,076.95","8,997.70","1.98B","0.04%"
"30-07-2020","9,031.70","9,136.20","9,163.95","9,013.90","2.00B","-0.71%"
"29-07-2020","9,096.10","9,135.50","9,180.70","9,057.90","2.11B","-0.50%"
"28-07-2020","9,141.75","9,045.45","9,153.00","9,043.90","1.80B","1.29%"
"27-07-2020","9,024.90","9,112.45","9,112.45","8,995.10","1.66B","-0.67%"
"24-07-2020","9,085.95","9,066.65","9,108.20","9,011.50","2.02B","-0.31%"
"23-07-2020","9,114.05","9,054.85","9,129.30","9,034.60","1.73B","0.75%"
"22-07-2020","9,046.60","9,119.15","9,123.05","8,988.55","2.48B","-0.26%"
"21-07-2020","9,070.60","9,066.15","9,089.20","9,049.45","2.51B","0.95%"
"20-07-2020","8,985.10","8,965.25","8,994.95","8,938.10","2.67B","1.01%"
"17-07-2020","8,895.30","8,783.05","8,915.25","8,781.45","2.62B","1.47%"
"16-07-2020","8,766.60","8,750.60","8,776.05","8,650.60","2.66B","0.88%"
"15-07-2020","8,689.85","8,764.05","8,846.90","8,661.45","2.33B","-0.04%"
"14-07-2020","8,693.35","8,799.55","8,802.70","8,655.40","1.95B","-1.59%"
"13-07-2020","8,834.20","8,879.55","8,901.30","8,796.55","2.07B","0.23%"
"10-07-2020","8,813.95","8,818.70","8,865.35","8,772.45","2.82B","-0.42%"
"09-07-2020","8,851.50","8,823.75","8,867.30","8,808.00","2.30B","0.76%"
"08-07-2020","8,785.00","8,872.05","8,894.05","8,763.55","3.10B","-0.74%"
"07-07-2020","8,850.30","8,847.25","8,861.45","8,762.20","2.51B","0.39%"
"06-07-2020","8,815.70","8,782.00","8,843.10","8,761.95","2.35B","1.37%"
"03-07-2020","8,696.25","8,700.85","8,712.90","8,660.65","2.11B","0.56%"
"02-07-2020","8,647.85","8,602.45","8,677.95","8,598.80","2.24B","1.09%"
"01-07-2020","8,554.75","8,493.75","8,567.35","8,466.70","2.17B","0.94%"
"30-06-2020","8,474.80","8,544.70","8,560.30","8,448.55","2.66B","-0.16%"
"29-06-2020","8,488.05","8,514.60","8,521.40","8,426.95","2.84B","-0.83%"
"26-06-2020","8,559.00","8,572.45","8,595.45","8,515.65","3.18B","0.70%"
"25-06-2020","8,499.90","8,440.75","8,543.55","8,410.15","3.29B","0.04%"
"24-06-2020","8,496.25","8,678.70","8,699.55","8,476.85","3.73B","-1.45%"
"23-06-2020","8,621.10","8,527.50","8,629.90","8,488.35","2.83B","1.59%"
"22-06-2020","8,486.45","8,471.90","8,538.75","8,447.95","3.84B","0.99%"
"19-06-2020","8,403.40","8,314.95","8,420.85","8,282.50","3.21B","1.45%"
"18-06-2020","8,283.65","8,130.90","8,297.00","8,117.95","3.03B","1.76%"
"17-06-2020","8,140.45","8,126.30","8,223.95","8,098.00","2.29B","-0.15%"
"16-06-2020","8,152.30","8,239.40","8,260.20","8,015.15","3.10B","0.81%"
"15-06-2020","8,086.45","8,171.75","8,196.40","8,030.40","2.91B","-1.34%"
"12-06-2020","8,196.40","7,839.80","8,212.80","7,839.15","3.76B","0.73%"
"11-06-2020","8,137.00","8,284.10","8,306.45","8,125.00","4.59B","-1.89%"
"10-06-2020","8,293.35","8,260.15","8,314.60","8,224.70","3.27B","0.67%"
"09-06-2020","8,238.10","8,350.30","8,422.15","8,213.60","4.06B","-1.03%"
"08-06-2020","8,323.95","8,444.55","8,445.65","8,287.90","4.76B","0.30%"
"05-06-2020","8,299.35","8,243.60","8,319.40","8,206.10","4.52B","1.39%"
"04-06-2020","8,185.90","8,209.00","8,266.95","8,117.20","3.30B","-0.21%"
"03-06-2020","8,203.00","8,241.60","8,295.35","8,182.15","3.48B","0.81%"
"02-06-2020","8,137.45","8,068.15","8,147.40","8,030.65","3.20B","1.46%"
"01-06-2020","8,020.10","7,935.70","8,087.00","7,923.70","2.99B","2.53%"
"29-05-2020","7,822.40","7,687.60","7,834.05","7,658.80","5.15B","1.17%"
"28-05-2020","7,732.25","7,635.00","7,746.40","7,616.80","2.58B","1.80%"
"27-05-2020","7,595.55","7,462.95","7,607.40","7,394.05","2.02B","2.30%"
"26-05-2020","7,424.50","7,463.60","7,502.70","7,395.95","1.85B","0.11%"
"22-05-2020","7,416.00","7,446.00","7,507.50","7,368.70","2.01B","-0.73%"
"21-05-2020","7,470.60","7,444.45","7,525.30","7,429.25","1.99B","0.59%"
"20-05-2020","7,426.85","7,292.90","7,446.85","7,281.80","2.05B","1.95%"
"19-05-2020","7,284.50","7,350.10","7,398.05","7,266.15","2.67B","0.54%"
"18-05-2020","7,245.25","7,522.45","7,522.50","7,234.45","2.24B","-3.45%"
"15-05-2020","7,504.05","7,547.60","7,547.60","7,447.70","1.83B","-0.14%"
"14-05-2020","7,514.55","7,558.15","7,614.80","7,495.90","2.14B","-1.99%"
"13-05-2020","7,667.00","7,819.15","7,819.20","7,632.85","2.90B","1.94%"
"12-05-2020","7,520.90","7,508.55","7,552.60","7,403.30","2.25B","-0.47%"
"11-05-2020","7,556.40","7,628.50","7,692.35","7,542.75","2.51B","0.06%"
"08-05-2020","7,552.00","7,649.35","7,654.15","7,542.80","1.64B","0.41%"
"07-05-2020","7,520.85","7,551.60","7,592.45","7,509.80","1.63B","-0.72%"
"06-05-2020","7,575.50","7,544.15","7,620.80","7,451.20","2.10B","0.70%"
"05-05-2020","7,523.05","7,704.50","7,727.75","7,513.25","1.84B","-0.97%"
"04-05-2020","7,596.90","7,764.95","7,765.80","7,578.75","2.17B","-5.19%"
"30-04-2020","8,012.90","7,947.15","8,041.05","7,933.30","2.66B","2.77%"
"29-04-2020","7,797.20","7,702.60","7,828.30","7,692.95","2.06B","1.63%"
"28-04-2020","7,672.45","7,690.55","7,698.55","7,584.85","1.78B","0.90%"
"27-04-2020","7,603.95","7,578.00","7,657.65","7,572.10","1.63B","1.47%"
"24-04-2020","7,493.45","7,519.60","7,599.90","7,485.55","1.94B","-1.73%"
"23-04-2020","7,625.30","7,575.55","7,655.60","7,540.40","2.29B","1.21%"
"22-04-2020","7,533.80","7,421.85","7,543.80","7,350.25","2.14B","1.87%"
"21-04-2020","7,395.85","7,436.50","7,446.05","7,346.55","1.88B","-2.87%"
"20-04-2020","7,614.60","7,712.20","7,712.40","7,602.10","2.22B","0.00%"
"17-04-2020","7,614.40","7,665.40","7,665.65","7,489.20","2.50B","2.73%"
"16-04-2020","7,412.30","7,297.80","7,453.05","7,268.25","2.11B","0.93%"
"15-04-2020","7,344.35","7,503.00","7,581.60","7,298.55","2.82B","-0.22%"
"13-04-2020","7,360.35","7,450.20","7,453.65","7,279.00","2.41B","-1.09%"
"09-04-2020","7,441.65","7,335.20","7,454.90","7,298.40","1.90B","3.91%"
"08-04-2020","7,161.45","7,090.40","7,435.50","7,061.35","2.17B","0.17%"
"07-04-2020","7,149.00","6,913.50","7,164.70","6,842.95","1.90B","7.69%"
"03-04-2020","6,638.45","6,831.65","6,831.65","6,619.55","1.63B","-1.83%"
"01-04-2020","6,761.95","6,995.55","6,998.40","6,720.45","1.32B","-3.36%"
"31-03-2020","6,996.75","6,938.05","7,041.65","6,808.75","1.64B","3.67%"
"30-03-2020","6,749.20","6,810.50","6,947.95","6,721.25","1.34B","-3.63%"
"27-03-2020","7,003.30","7,230.55","7,311.05","6,902.90","1.95B","0.14%"
"26-03-2020","6,993.85","6,826.05","7,079.75","6,722.35","2.06B","4.01%"
"25-03-2020","6,724.00","6,299.75","6,758.75","6,291.85","1.61B","5.63%"
"24-03-2020","6,365.45","6,421.00","6,556.65","6,151.60","1.82B","1.96%"
"23-03-2020","6,243.00","6,522.80","6,692.85","6,226.10","1.65B","-12.81%"
"20-03-2020","7,160.10","6,833.65","7,267.25","6,744.80","2.87B","5.18%"
"19-03-2020","6,807.20","6,676.85","7,041.70","6,483.15","2.74B","-2.90%"
"18-03-2020","7,010.55","7,512.30","7,543.05","6,969.35","4.87B","-5.49%"
"17-03-2020","7,417.65","7,642.35","7,746.15","7,383.35","2.54B","-2.30%"
"16-03-2020","7,591.90","7,867.00","7,904.25","7,564.80","3.18B","-7.00%"
"13-03-2020","8,163.00","7,425.05","8,298.00","7,028.70","4.17B","3.31%"
"12-03-2020","7,901.35","8,272.40","8,272.85","7,841.50","3.47B","-8.32%"
"11-03-2020","8,618.05","8,556.10","8,709.50","8,555.80","2.87B","-0.15%"
"09-03-2020","8,631.35","8,862.70","8,870.15","8,520.95","3.21B","-4.73%"
"06-03-2020","9,059.95","8,997.05","9,089.20","8,918.55","2.94B","-2.37%"
"05-03-2020","9,280.15","9,305.55","9,365.55","9,250.05","2.50B","0.24%"
"04-03-2020","9,258.25","9,362.90","9,368.55","9,125.45","1.88B","-0.71%"
"03-03-2020","9,324.30","9,251.40","9,348.55","9,201.00","1.82B","1.59%"
"02-03-2020","9,178.80","9,380.40","9,436.50","9,105.00","1.86B","-0.62%"
"28-02-2020","9,236.05","9,372.70","9,374.85","9,214.10","2.25B","-3.58%"
"27-02-2020","9,579.35","9,612.40","9,613.50","9,496.55","1.77B","-0.45%"
"26-02-2020","9,622.70","9,680.10","9,713.20","9,596.30","1.66B","-1.05%"
"25-02-2020","9,724.70","9,796.45","9,813.80","9,711.75","1.84B","-0.34%"
"24-02-2020","9,758.20","9,904.50","9,904.50","9,745.55","1.92B","-2.01%"
"20-02-2020","9,958.65","9,969.90","10,016.65","9,950.60","2.31B","-0.12%"
"19-02-2020","9,970.50","9,921.30","9,974.85","9,895.40","2.20B","1.27%"
"18-02-2020","9,845.55","9,876.70","9,877.60","9,768.45","2.13B","-0.46%"
"17-02-2020","9,891.00","9,976.15","9,990.75","9,884.95","1.95B","-0.70%"
"14-02-2020","9,961.05","10,031.25","10,071.70","9,947.65","2.68B","-0.57%"
"13-02-2020","10,017.75","10,049.85","10,053.20","9,990.35","1.28B","-0.19%"
"12-02-2020","10,037.10","10,020.60","10,067.70","10,015.85","1.52B","0.50%"
"11-02-2020","9,987.05","10,004.05","10,044.15","9,979.60","1.28B","0.42%"
"10-02-2020","9,945.65","10,008.75","10,008.75","9,917.65","1.27B","-0.55%"
"07-02-2020","10,000.75","10,019.45","10,021.70","9,974.55","1.35B","-0.03%"
"06-02-2020","10,004.20","9,979.65","10,022.50","9,953.20","1.58B","0.53%"
"05-02-2020","9,951.35","9,880.15","9,955.90","9,847.05","1.66B","1.00%"
"04-02-2020","9,853.05","9,711.95","9,858.65","9,711.10","1.48B","2.10%"
"03-02-2020","9,650.55","9,578.50","9,682.65","9,559.85","1.52B","0.46%"
"01-02-2020","9,606.05","9,844.90","9,918.35","9,582.85","1.36B","-2.59%"
"31-01-2020","9,861.45","9,968.40","9,971.20","9,849.25","1.68B","-0.58%"
"30-01-2020","9,919.20","10,025.35","10,026.90","9,902.30","1.58B","-0.90%"
"29-01-2020","10,009.30","10,006.95","10,039.05","9,990.20","1.42B","0.53%"
"28-01-2020","9,956.95","10,023.50","10,041.05","9,934.20","1.52B","-0.43%"
"27-01-2020","9,999.60","10,046.45","10,077.45","9,989.55","1.25B","-0.83%"
"24-01-2020","10,083.70","10,019.95","10,101.25","9,999.25","1.55B","0.62%"
"23-01-2020","10,021.40","9,961.80","10,027.80","9,944.10","2.35B","0.75%"
"22-01-2020","9,947.00","10,029.55","10,034.05","9,935.00","1.60B","-0.41%"
"21-01-2020","9,987.55","10,001.85","10,033.30","9,977.70","1.79B","-0.38%"
"20-01-2020","10,025.70","10,174.95","10,174.95","10,019.05","1.57B","-0.92%"
"17-01-2020","10,118.70","10,096.40","10,138.45","10,089.50","2.25B","0.09%"
"16-01-2020","10,110.05","10,099.95","10,132.15","10,076.60","1.40B","0.23%"
"15-01-2020","10,087.05","10,070.00","10,095.95","10,030.95","1.74B","0.11%"
"14-01-2020","10,075.85","10,051.20","10,083.85","10,032.85","1.40B","0.33%"
"13-01-2020","10,042.50","10,012.80","10,046.45","10,006.25","1.30B","0.65%"
"10-01-2020","9,978.00","9,985.00","10,023.15","9,947.35","1.62B","0.34%"
"09-01-2020","9,943.90","9,894.05","9,951.20","9,882.15","1.67B","1.55%"
"08-01-2020","9,792.20","9,708.70","9,798.25","9,700.35","1.54B","-0.13%"
"07-01-2020","9,805.40","9,814.45","9,883.45","9,765.50","1.27B","0.60%"
"06-01-2020","9,747.40","9,896.45","9,901.60","9,731.85","1.33B","-1.95%"
"03-01-2020","9,941.65","9,966.80","9,976.75","9,913.60","1.38B","-0.38%"
"02-01-2020","9,980.00","9,903.25","9,984.40","9,901.40","1.38B","0.92%"
"01-01-2020","9,888.55","9,897.95","9,914.40","9,875.10","866.99M","0.16%"
"31-12-2019","9,872.55","9,921.50","9,921.70","9,861.50","1.19B","-0.53%"
"30-12-2019","9,924.70","9,931.60","9,946.05","9,891.05","1.15B","0.16%"
"27-12-2019","9,908.70","9,852.15","9,916.25","9,842.95","1.20B","0.93%"
"26-12-2019","9,817.20","9,871.45","9,877.15","9,811.35","1.37B","-0.52%"
"24-12-2019","9,868.40","9,905.35","9,915.25","9,860.35","1.13B","-0.30%"
"23-12-2019","9,897.65","9,882.95","9,922.05","9,861.40","1.35B","-0.08%"
"20-12-2019","9,905.35","9,899.50","9,920.65","9,891.65","1.81B","0.13%"
"19-12-2019","9,892.30","9,866.15","9,898.55","9,845.55","1.47B","0.28%"
"18-12-2019","9,864.55","9,854.75","9,876.40","9,821.20","1.52B","0.34%"
"17-12-2019","9,831.35","9,776.45","9,842.90","9,766.55","1.52B","0.80%"
"16-12-2019","9,753.00","9,815.25","9,817.65","9,747.95","1.24B","-0.31%"
"13-12-2019","9,783.60","9,732.35","9,791.05","9,731.15","1.72B","0.95%"
"12-12-2019","9,691.15","9,666.50","9,714.95","9,657.35","1.51B","0.57%"
"11-12-2019","9,636.25","9,605.60","9,645.95","9,574.85","1.91B","0.43%"
"10-12-2019","9,595.40","9,680.55","9,682.65","9,585.00","1.69B","-0.79%"
"09-12-2019","9,671.45","9,682.00","9,714.30","9,636.75","1.65B","0.02%"
"06-12-2019","9,669.40","9,781.90","9,787.25","9,642.15","2.00B","-0.90%"
"05-12-2019","9,757.60","9,801.10","9,805.60","9,741.95","1.63B","-0.25%"
"04-12-2019","9,782.10","9,722.25","9,790.10","9,699.60","2.28B","0.40%"
"03-12-2019","9,743.15","9,814.75","9,815.95","9,715.50","2.13B","-0.56%"
"02-12-2019","9,798.00","9,863.10","9,863.15","9,778.60","2.97B","-0.16%"
"29-11-2019","9,813.65","9,871.10","9,872.10","9,781.05","2.41B","-0.57%"
"28-11-2019","9,869.75","9,838.45","9,874.90","9,816.75","2.29B","0.55%"
"27-11-2019","9,815.95","9,787.30","9,824.50","9,778.15","1.67B","0.54%"
"26-11-2019","9,762.85","9,833.60","9,852.90","9,739.20","3.70B","-0.40%"
"25-11-2019","9,802.05","9,688.85","9,809.10","9,687.05","1.91B","1.27%"
"22-11-2019","9,679.30","9,715.05","9,715.50","9,650.20","1.76B","-0.34%"
"21-11-2019","9,712.35","9,768.05","9,769.50","9,703.90","2.44B","-0.33%"
"20-11-2019","9,744.90","9,748.40","9,776.70","9,725.70","3.44B","0.44%"
"19-11-2019","9,702.15","9,692.20","9,714.25","9,662.60","2.51B","0.35%"
"18-11-2019","9,668.60","9,685.85","9,705.70","9,654.40","1.82B","0.01%"
"15-11-2019","9,667.30","9,676.95","9,721.30","9,657.80","2.26B","0.18%"
"14-11-2019","9,650.40","9,648.85","9,671.10","9,596.85","1.95B","0.17%"
"13-11-2019","9,633.95","9,698.10","9,730.60","9,618.25","1.82B","-0.64%"
"11-11-2019","9,695.85","9,665.65","9,708.35","9,655.50","1.57B","0.13%"
"08-11-2019","9,683.30","9,753.25","9,785.40","9,669.95","1.98B","-0.83%"
"07-11-2019","9,764.30","9,768.90","9,771.30","9,718.25","1.69B","0.44%"
"06-11-2019","9,721.35","9,694.85","9,750.55","9,646.10","1.69B","0.28%"
"05-11-2019","9,694.05","9,757.75","9,760.80","9,657.70","1.69B","-0.39%"
"04-11-2019","9,732.40","9,736.75","9,780.00","9,712.10","1.98B","0.29%"
"01-11-2019","9,704.00","9,703.10","9,730.75","9,678.20","2.68B","0.15%"
"31-10-2019","9,689.65","9,686.40","9,733.35","9,671.30","2.89B","0.44%"
"30-10-2019","9,647.55","9,666.60","9,673.70","9,602.10","1.92B","0.51%"
"29-10-2019","9,598.35","9,490.10","9,615.75","9,475.50","2.17B","1.27%"
"27-10-2019","9,478.35","9,493.70","9,504.05","9,462.75","360.19M","0.50%"
"25-10-2019","9,431.10","9,478.45","9,479.05","9,365.55","2.06B","-0.07%"
"24-10-2019","9,437.65","9,501.35","9,516.65","9,402.50","2.23B","-0.22%"
"23-10-2019","9,458.65","9,457.25","9,497.75","9,418.25","1.70B","0.11%"
"22-10-2019","9,448.25","9,481.05","9,526.80","9,435.85","1.99B","-0.33%"
"18-10-2019","9,479.20","9,391.85","9,494.70","9,373.50","2.19B","0.94%"
"17-10-2019","9,391.00","9,286.65","9,399.25","9,268.05","1.84B","1.18%"
"16-10-2019","9,281.85","9,282.95","9,301.75","9,246.65","1.63B","0.30%"
"15-10-2019","9,253.85","9,208.70","9,277.25","9,196.85","1.47B","0.67%"
"14-10-2019","9,192.65","9,187.70","9,248.50","9,156.90","1.46B","0.34%"
"11-10-2019","9,161.40","9,132.40","9,207.35","9,076.30","1.70B","0.53%"
"10-10-2019","9,112.75","9,153.50","9,165.05","9,097.55","1.73B","-0.71%"
"09-10-2019","9,177.95","9,059.10","9,183.30","9,008.85","1.76B","1.52%"
"07-10-2019","9,040.65","9,104.50","9,120.30","9,031.60","1.55B","-0.56%"
"04-10-2019","9,091.65","9,253.10","9,264.00","9,078.80","1.77B","-1.16%"
"03-10-2019","9,198.40","9,207.15","9,243.80","9,153.70","1.91B","-0.41%"
"01-10-2019","9,236.40","9,372.70","9,402.00","9,140.05","887.82M","-1.12%"
"30-09-2019","9,340.90","9,384.65","9,389.55","9,276.90","2.05B","-0.58%"
"27-09-2019","9,395.60","9,435.55","9,465.35","9,388.50","1.57B","-0.51%"
"26-09-2019","9,443.80","9,365.50","9,471.25","9,363.25","1.91B","1.07%"
"25-09-2019","9,344.15","9,458.05","9,458.45","9,326.10","1.57B","-1.38%"
"24-09-2019","9,474.75","9,489.10","9,530.35","9,434.65","1.69B","-0.12%"
"23-09-2019","9,486.60","9,425.40","9,552.25","9,386.90","2.22B","2.77%"
"20-09-2019","9,230.50","8,799.45","9,293.90","8,748.05","3.27B","5.29%"
"19-09-2019","8,766.45","8,884.50","8,884.50","8,738.65","1.65B","-1.25%"
"18-09-2019","8,877.70","8,898.95","8,912.20","8,841.55","1.33B","0.27%"
"17-09-2019","8,853.90","9,010.55","9,012.10","8,838.25","1.53B","-1.72%"
"16-09-2019","9,009.15","8,992.15","9,044.45","8,978.95","1.27B","-0.46%"
"13-09-2019","9,050.85","8,992.65","9,056.80","8,945.60","1.53B","0.77%"
"12-09-2019","8,981.60","9,036.95","9,061.00","8,969.85","1.51B","-0.37%"
"11-09-2019","9,015.15","8,992.70","9,026.25","8,981.10","1.69B","0.48%"
"09-09-2019","8,972.40","8,914.70","8,986.60","8,882.90","1.18B","0.58%"
"06-09-2019","8,920.40","8,873.75","8,928.45","8,859.25","1.28B","0.84%"
"05-09-2019","8,846.30","8,848.00","8,894.90","8,825.00","1.35B","0.15%"
"04-09-2019","8,833.10","8,798.75","8,841.95","8,751.25","1.27B","0.35%"
"03-09-2019","8,802.35","8,927.90","8,931.65","8,783.75","1.26B","-1.95%"
"30-08-2019","8,977.55","8,936.45","8,991.20","8,859.75","1.52B","0.80%"
"29-08-2019","8,906.10","8,938.05","8,954.65","8,874.25","1.63B","-0.72%"
"28-08-2019","8,970.90","9,023.80","9,047.55","8,930.10","1.45B","-0.57%"
"27-08-2019","9,022.25","9,004.00","9,047.85","8,972.90","1.86B","0.64%"
"26-08-2019","8,964.70","8,933.05","8,973.20","8,735.30","1.81B","1.98%"
"23-08-2019","8,790.55","8,687.45","8,812.85","8,628.35","1.72B","0.82%"
"22-08-2019","8,719.25","8,851.35","8,853.25","8,706.45","1.75B","-1.64%"
"21-08-2019","8,864.50","8,957.85","8,965.10","8,858.45","1.34B","-1.04%"
"20-08-2019","8,957.40","9,004.75","9,012.10","8,930.50","1.20B","-0.45%"
"19-08-2019","8,997.95","9,022.60","9,061.40","8,983.65","1.13B","0.10%"
"16-08-2019","8,988.80","8,971.65","8,999.20","8,886.30","1.41B","0.20%"
"14-08-2019","8,971.10","8,942.00","8,998.25","8,897.00","1.40B","0.91%"
"13-08-2019","8,890.10","9,066.35","9,070.20","8,874.85","1.55B","-1.73%"
"09-08-2019","9,046.55","9,022.50","9,103.10","9,010.35","1.49B","0.75%"
"08-08-2019","8,979.65","8,888.45","8,998.90","8,844.40","1.42B","1.41%"
"07-08-2019","8,854.65","8,928.60","8,953.25","8,840.15","1.48B","-0.72%"
"06-08-2019","8,918.60","8,792.65","8,960.95","8,791.60","1.43B","0.98%"
"05-08-2019","8,831.95","8,866.90","8,866.90","8,765.20","1.39B","-1.25%"
"02-08-2019","8,943.95","8,890.50","9,007.05","8,821.10","1.61B","0.09%"
"01-08-2019","8,935.75","9,001.70","9,026.15","8,859.55","1.38B","-1.21%"
"31-07-2019","9,044.95","8,963.30","9,058.45","8,928.00","1.52B","0.45%"
"30-07-2019","9,004.05","9,123.65","9,165.80","8,995.25","1.69B","-1.15%"
"29-07-2019","9,108.90","9,205.35","9,208.20","9,081.70","1.80B","-0.91%"
"26-07-2019","9,192.60","9,156.00","9,206.70","9,125.35","1.35B","0.37%"
"25-07-2019","9,159.15","9,173.75","9,232.45","9,148.45","1.41B","-0.01%"
"24-07-2019","9,160.45","9,228.80","9,256.40","9,134.65","1.31B","-0.79%"
"23-07-2019","9,233.55","9,265.85","9,277.65","9,208.90","1.27B","-0.15%"
"22-07-2019","9,247.75","9,282.60","9,285.30","9,197.30","1.24B","-0.61%"
"19-07-2019","9,304.65","9,484.55","9,494.90","9,288.80","1.32B","-1.60%"
"18-07-2019","9,456.15","9,534.15","9,534.50","9,447.65","1.23B","-0.91%"
"17-07-2019","9,543.35","9,535.25","9,563.95","9,520.15","1.21B","0.14%"
"16-07-2019","9,529.85","9,473.85","9,533.55","9,456.60","1.19B","0.64%"
"15-07-2019","9,469.15","9,499.25","9,502.70","9,427.85","1.03B","0.12%"
"12-07-2019","9,457.75","9,480.05","9,519.75","9,448.40","1.19B","-0.09%"
"11-07-2019","9,466.40","9,447.15","9,475.70","9,414.10","1.08B","0.71%"
"10-07-2019","9,400.10","9,443.65","9,482.50","9,385.70","1.03B","-0.59%"
"09-07-2019","9,455.65","9,428.05","9,473.40","9,375.80","1.21B","0.08%"
"08-07-2019","9,447.80","9,619.40","9,620.90","9,418.00","1.29B","-2.17%"
"05-07-2019","9,657.65","9,793.65","9,805.30","9,644.85","1.40B","-1.22%"
"04-07-2019","9,776.80","9,767.80","9,793.50","9,765.20","1.15B","0.20%"
"03-07-2019","9,757.30","9,762.85","9,774.80","9,731.50","1.07B","0.13%"
"02-07-2019","9,744.85","9,734.75","9,750.05","9,675.80","1.20B","0.33%"
"01-07-2019","9,713.00","9,697.00","9,724.35","9,691.90","1.08B","0.57%"
"28-06-2019","9,657.95","9,707.45","9,713.75","9,644.10","1.29B","-0.35%"
"27-06-2019","9,692.35","9,694.55","9,733.95","9,675.50","2.02B","0.10%"
"26-06-2019","9,682.80","9,611.95","9,699.65","9,604.15","1.66B","0.52%"
"25-06-2019","9,632.85","9,548.65","9,643.75","9,525.95","1.39B","0.72%"
"24-06-2019","9,564.10","9,585.95","9,605.05","9,543.40","1.30B","-0.18%"
"21-06-2019","9,581.60","9,641.15","9,641.25","9,566.10","1.72B","-0.67%"
"20-06-2019","9,646.00","9,501.55","9,655.25","9,476.25","1.88B","1.26%"
"19-06-2019","9,526.20","9,592.15","9,634.15","9,476.10","1.78B","-0.26%"
"18-06-2019","9,551.35","9,547.50","9,587.05","9,514.10","1.39B","0.08%"
"17-06-2019","9,543.60","9,681.90","9,681.95","9,533.35","1.17B","-1.31%"
"14-06-2019","9,669.95","9,742.80","9,745.15","9,652.60","1.21B","-0.79%"
"13-06-2019","9,747.05","9,727.15","9,758.90","9,668.05","1.36B","-0.03%"
"12-06-2019","9,749.95","9,801.95","9,802.05","9,727.75","1.13B","-0.56%"
"11-06-2019","9,805.10","9,791.90","9,826.65","9,743.05","1.40B","0.40%"
"10-06-2019","9,765.85","9,784.45","9,813.65","9,727.90","1.50B","0.31%"
"07-06-2019","9,735.85","9,736.05","9,761.75","9,653.70","1.36B","0.14%"
"06-06-2019","9,722.50","9,889.55","9,889.55","9,712.05","1.54B","-1.56%"
"04-06-2019","9,876.20","9,898.00","9,941.45","9,865.60","1.22B","-0.47%"
"03-06-2019","9,922.60","9,827.75","9,931.65","9,796.85","1.19B","1.20%"
"31-05-2019","9,805.05","9,855.55","9,889.30","9,734.20","1.72B","-0.10%"
"30-05-2019","9,815.30","9,762.80","9,827.25","9,759.50","1.70B","0.60%"
"29-05-2019","9,757.15","9,802.40","9,812.00","9,737.95","1.23B","-0.59%"
"28-05-2019","9,815.50","9,834.95","9,834.95","9,768.30","2.08B","0.11%"
"27-05-2019","9,804.90","9,732.65","9,820.95","9,702.50","1.49B","0.85%"
"24-05-2019","9,722.05","9,618.75","9,728.80","9,563.60","1.62B","1.77%"
"23-05-2019","9,552.75","9,730.00","9,835.70","9,521.60","2.09B","-0.47%"
"22-05-2019","9,598.20","9,595.60","9,629.75","9,555.80","1.47B","0.20%"
"21-05-2019","9,578.85","9,701.00","9,713.50","9,556.75","1.36B","-0.96%"
"20-05-2019","9,671.90","9,538.30","9,681.10","9,485.85","1.76B","3.67%"
"17-05-2019","9,329.70","9,224.75","9,339.35","9,221.60","1.40B","1.17%"
"16-05-2019","9,221.65","9,176.50","9,238.95","9,136.40","1.29B","0.67%"
"15-05-2019","9,160.10","9,247.15","9,265.65","9,145.80","1.35B","-0.57%"
"14-05-2019","9,212.35","9,156.00","9,261.85","9,108.45","1.61B","0.57%"
"13-05-2019","9,159.95","9,274.05","9,288.85","9,143.95","1.45B","-1.40%"
"10-05-2019","9,290.20","9,309.35","9,335.15","9,271.10","1.41B","-0.10%"
"09-05-2019","9,299.75","9,313.55","9,339.55","9,261.50","1.33B","-0.43%"
"08-05-2019","9,340.25","9,433.10","9,433.45","9,331.70","1.49B","-1.17%"
"07-05-2019","9,450.80","9,573.30","9,578.55","9,441.50","1.29B","-0.86%"
"06-05-2019","9,532.45","9,544.95","9,567.40","9,513.85","1.13B","-0.96%"
"03-05-2019","9,624.55","9,637.50","9,665.50","9,613.60","1.19B","-0.13%"
"02-05-2019","9,637.50","9,646.40","9,694.95","9,620.70","1.45B","-0.28%"
"30-04-2019","9,664.30","9,684.80","9,684.80","9,592.15","1.60B","-0.26%"
"26-04-2019","9,689.70","9,661.10","9,695.40","9,632.05","1.24B","0.63%"
"25-04-2019","9,628.80","9,697.80","9,742.85","9,616.30","1.65B","-0.61%"
"24-04-2019","9,687.55","9,607.40","9,696.55","9,585.25","1.29B","1.05%"
"23-04-2019","9,587.30","9,614.85","9,642.15","9,577.00","1.23B","-0.13%"
"22-04-2019","9,599.80","9,715.95","9,715.95","9,591.80","1.12B","-1.43%"
"18-04-2019","9,738.70","9,826.45","9,826.45","9,721.40","1.44B","-0.44%"
"16-04-2019","9,781.40","9,751.35","9,796.10","9,748.70","1.34B","0.67%"
"15-04-2019","9,716.50","9,697.65","9,726.85","9,683.80","1.29B","0.43%"
"12-04-2019","9,674.60","9,646.60","9,682.30","9,626.95","1.25B","0.42%"
"11-04-2019","9,634.55","9,630.15","9,641.75","9,599.20","1.18B","0.12%"
"10-04-2019","9,622.95","9,661.55","9,690.35","9,612.85","1.23B","-0.57%"
"09-04-2019","9,677.75","9,641.90","9,685.85","9,594.95","1.20B","0.45%"
"08-04-2019","9,634.40","9,715.45","9,719.95","9,593.85","1.37B","-0.52%"
"05-04-2019","9,684.95","9,659.65","9,700.40","9,641.45","1.26B","0.61%"
"04-04-2019","9,626.65","9,674.00","9,675.20","9,590.85","1.51B","-0.33%"
"03-04-2019","9,658.40","9,742.35","9,765.65","9,647.20","1.47B","-0.64%"
"02-04-2019","9,720.80","9,735.05","9,735.05","9,681.60","1.61B","0.19%"
"01-04-2019","9,702.00","9,703.00","9,756.30","9,683.95","1.58B","0.40%"
"29-03-2019","9,663.70","9,647.75","9,667.45","9,613.00","1.88B","0.64%"
"28-03-2019","9,601.95","9,518.70","9,613.55","9,510.80","1.88B","1.05%"
"27-03-2019","9,501.80","9,552.20","9,569.60","9,475.40","1.56B","-0.11%"
"26-03-2019","9,512.60","9,431.90","9,522.45","9,421.60","1.48B","1.07%"
"25-03-2019","9,411.65","9,446.85","9,446.85","9,381.90","1.27B","-0.93%"
"22-03-2019","9,500.05","9,572.35","9,594.10","9,485.45","1.57B","-0.55%"
"20-03-2019","9,553.00","9,587.50","9,588.50","9,540.90","1.52B","-0.18%"
"19-03-2019","9,570.15","9,549.75","9,576.05","9,513.45","1.55B","0.56%"
"18-03-2019","9,516.70","9,536.05","9,572.95","9,481.65","1.41B","0.18%"
"15-03-2019","9,499.40","9,473.85","9,540.95","9,471.40","1.86B","0.55%"
"14-03-2019","9,447.20","9,481.85","9,486.50","9,424.50","1.35B","-0.03%"
"13-03-2019","9,450.25","9,461.25","9,471.40","9,416.65","1.44B","0.10%"
"12-03-2019","9,440.85","9,399.60","9,461.60","9,396.85","1.62B","1.02%"
"11-03-2019","9,345.60","9,240.80","9,353.40","9,235.60","1.54B","1.46%"
"08-03-2019","9,211.05","9,213.30","9,225.30","9,184.55","1.42B","-0.16%"
"07-03-2019","9,225.35","9,251.65","9,254.45","9,210.90","1.67B","-0.06%"
"06-03-2019","9,230.45","9,211.80","9,243.30","9,197.90","1.92B","0.62%"
"05-03-2019","9,173.60","9,042.90","9,178.95","9,014.70","1.93B","1.51%"
"01-03-2019","9,037.50","8,995.45","9,045.70","8,994.00","1.53B","0.91%"
"28-02-2019","8,955.95","8,990.35","8,990.60","8,941.60","1.81B","0.11%"
"27-02-2019","8,946.20","8,991.80","9,057.40","8,896.20","1.51B","-0.08%"
"26-02-2019","8,953.15","8,899.00","8,994.00","8,846.10","1.48B","-0.34%"
"25-02-2019","8,983.85","8,941.15","8,989.90","8,921.90","1.47B","0.72%"
"22-02-2019","8,919.75","8,899.60","8,925.70","8,885.90","1.69B","0.20%"
"21-02-2019","8,901.70","8,857.50","8,912.40","8,839.75","1.38B","0.63%"
"20-02-2019","8,845.60","8,781.40","8,858.05","8,780.00","1.22B","1.18%"
"19-02-2019","8,742.30","8,753.70","8,825.80","8,729.70","1.13B","-0.14%"
"18-02-2019","8,754.35","8,836.00","8,849.05","8,744.95","1.26B","-0.82%"
"15-02-2019","8,827.05","8,887.55","8,889.90","8,753.65","1.47B","-0.48%"
"14-02-2019","8,869.30","8,878.85","8,891.90","8,837.75","1.82B","-0.21%"
"13-02-2019","8,887.90","8,955.35","8,970.80","8,873.40","1.38B","-0.42%"
"12-02-2019","8,925.30","8,961.90","8,987.85","8,917.65","1.22B","-0.47%"
"11-02-2019","8,967.15","9,026.10","9,026.10","8,949.85","1.18B","-0.77%"
"08-02-2019","9,036.90","9,112.70","9,122.65","9,024.75","1.52B","-1.19%"
"07-02-2019","9,145.80","9,125.50","9,179.75","9,116.15","1.76B","0.30%"
"06-02-2019","9,118.70","9,056.90","9,128.05","9,039.30","1.83B","0.94%"
"05-02-2019","9,033.60","9,039.70","9,064.60","9,016.70","1.99B","-0.09%"
"04-02-2019","9,042.00","9,045.00","9,052.55","8,974.65","1.62B","-0.16%"
"01-02-2019","9,056.30","9,024.95","9,130.10","8,988.25","1.49B","0.58%"
"31-01-2019","9,003.85","8,916.40","9,007.45","8,899.55","1.66B","1.34%"
"30-01-2019","8,884.90","8,913.45","8,919.45","8,851.05","1.17B","0.10%"
"29-01-2019","8,875.65","8,865.30","8,904.90","8,825.60","1.21B","-0.01%"
"28-01-2019","8,876.60","8,999.30","9,001.15","8,849.95","1.35B","-1.31%"
"25-01-2019","8,994.35","9,085.60","9,133.15","8,974.55","1.26B","-0.86%"
"24-01-2019","9,072.20","9,080.25","9,086.35","9,039.45","979.86M","0.04%"
"23-01-2019","9,068.85","9,138.75","9,151.05","9,055.15","988.57M","-0.68%"
"22-01-2019","9,131.15","9,146.30","9,146.30","9,075.25","1.01B","-0.26%"
"21-01-2019","9,155.30","9,150.60","9,195.80","9,125.45","998.81M","0.17%"
"18-01-2019","9,140.10","9,173.20","9,180.30","9,113.45","959.39M","-0.23%"
"17-01-2019","9,161.60","9,182.00","9,191.85","9,119.60","1.01B","0.03%"
"16-01-2019","9,158.75","9,167.45","9,195.05","9,150.00","973.28M","0.02%"
"15-01-2019","9,157.15","9,082.50","9,163.30","9,082.50","978.89M","1.17%"
"14-01-2019","9,051.45","9,102.40","9,102.90","9,014.95","911.94M","-0.51%"
"11-01-2019","9,098.20","9,130.70","9,142.30","9,057.15","861.74M","-0.23%"
"10-01-2019","9,119.40","9,132.80","9,144.00","9,102.55","907.53M","-0.09%"
"09-01-2019","9,127.45","9,143.20","9,149.35","9,050.15","1.10B","0.32%"
"08-01-2019","9,098.65","9,090.80","9,109.10","9,052.10","976.17M","0.19%"
"07-01-2019","9,081.15","9,117.20","9,136.30","9,064.65","985.07M","0.29%"
"04-01-2019","9,054.90","9,034.25","9,064.85","8,978.20","1.18B","0.44%"
"03-01-2019","9,014.80","9,106.65","9,130.00","9,006.75","992.71M","-0.97%"
"02-01-2019","9,103.40","9,169.70","9,195.25","9,065.45","1.11B","-1.03%"
"01-01-2019","9,197.90","9,186.70","9,206.05","9,128.40","724.66M","0.30%"
"31-12-2018","9,170.00","9,194.65","9,207.10","9,159.30","857.72M","0.19%"
"28-12-2018","9,152.55","9,111.95","9,173.60","9,109.70","985.26M","0.81%"
"27-12-2018","9,078.80","9,110.85","9,119.80","9,070.65","1.49B","0.41%"
"26-12-2018","9,041.70","8,977.95","9,056.20","8,879.45","1.10B","0.44%"
"24-12-2018","9,002.45","9,100.90","9,102.05","8,992.20","1.03B","-0.88%"
"21-12-2018","9,082.55","9,236.55","9,255.80","9,071.45","1.38B","-1.64%"
"20-12-2018","9,234.45","9,188.35","9,241.10","9,180.00","1.26B","-0.13%"
"19-12-2018","9,246.80","9,203.05","9,258.35","9,201.55","1.43B","0.76%"
"18-12-2018","9,177.35","9,126.50","9,183.25","9,108.10","1.06B","0.26%"
"17-12-2018","9,153.95","9,127.55","9,162.95","9,118.50","941.83M","0.69%"
"14-12-2018","9,091.30","9,072.45","9,104.45","9,046.45","1.33B","0.15%"
"13-12-2018","9,077.30","9,078.75","9,113.15","9,037.85","1.27B","0.62%"
"12-12-2018","9,021.60","8,882.20","9,031.60","8,865.00","1.24B","1.99%"
"11-12-2018","8,845.15","8,655.10","8,859.65","8,646.55","1.29B","0.86%"
"10-12-2018","8,769.60","8,789.75","8,818.65","8,760.15","1.08B","-1.91%"
"07-12-2018","8,940.65","8,917.35","8,947.35","8,876.55","1.17B","0.65%"
"06-12-2018","8,883.25","8,975.40","8,975.65","8,874.95","1.23B","-1.62%"
"05-12-2018","9,029.45","9,075.05","9,075.35","8,999.65","1.20B","-0.95%"
"04-12-2018","9,116.45","9,125.20","9,137.65","9,094.85","1.35B","-0.11%"
"03-12-2018","9,126.90","9,153.60","9,157.95","9,097.50","1.52B","0.19%"
"30-11-2018","9,109.15","9,107.80","9,134.35","9,074.70","1.61B","0.30%"
"29-11-2018","9,081.85","9,051.85","9,097.00","9,031.05","1.75B","0.99%"
"28-11-2018","8,993.25","9,001.30","9,027.35","8,984.50","1.26B","0.10%"
"27-11-2018","8,983.90","8,938.30","8,990.45","8,924.40","1.13B","0.46%"
"26-11-2018","8,943.00","8,913.95","8,950.70","8,841.10","1.07B","0.72%"
"22-11-2018","8,879.00","8,952.45","8,973.90","8,868.20","1.01B","-0.69%"
"21-11-2018","8,940.30","8,973.90","8,982.90","8,896.10","1.10B","-0.22%"
"20-11-2018","8,960.15","9,033.20","9,039.70","8,948.75","1.14B","-1.02%"
"19-11-2018","9,052.75","9,031.80","9,060.35","8,996.35","1.17B","0.66%"
"16-11-2018","8,993.25","8,975.55","9,011.15","8,951.50","1.34B","0.43%"
"15-11-2018","8,954.65","8,926.55","8,971.10","8,894.95","1.12B","0.37%"
"14-11-2018","8,921.45","8,967.25","8,980.25","8,887.95","1.35B","-0.02%"
"13-11-2018","8,923.55","8,834.55","8,932.95","8,814.60","1.10B","0.73%"
"12-11-2018","8,859.25","8,967.80","8,991.15","8,846.40","1.09B","-0.97%"
"09-11-2018","8,946.35","8,947.60","8,966.50","8,898.00","1.21B","0.18%"
"07-11-2018","8,929.85","8,938.70","8,940.70","8,926.40","13.78M","0.67%"
"06-11-2018","8,870.30","8,902.75","8,934.90","8,839.65","1.05B","-0.09%"
"05-11-2018","8,877.90","8,904.25","8,913.00","8,839.80","1.25B","-0.24%"
"02-11-2018","8,899.40","8,844.10","8,953.60","8,840.20","1.72B","1.45%"
"01-11-2018","8,772.50","8,798.30","8,800.85","8,742.50","1.46B","0.22%"
"31-10-2018","8,753.45","8,617.40","8,760.35","8,536.00","1.39B","1.78%"
"30-10-2018","8,600.30","8,607.40","8,652.75","8,575.05","1.44B","-0.11%"
"29-10-2018","8,610.10","8,457.50","8,623.45","8,409.60","1.41B","2.29%"
"26-10-2018","8,417.25","8,473.20","8,493.85","8,370.80","1.36B","-0.66%"
"25-10-2018","8,473.50","8,476.10","8,500.85","8,432.50","1.59B","-0.96%"
"24-10-2018","8,555.65","8,585.90","8,600.00","8,474.55","1.11B","0.77%"
"23-10-2018","8,489.90","8,502.60","8,559.10","8,447.45","1.13B","-1.01%"
"22-10-2018","8,576.95","8,717.25","8,719.50","8,560.55","1.12B","-0.74%"
"19-10-2018","8,640.65","8,676.50","8,716.55","8,595.45","1.36B","-1.35%"
"17-10-2018","8,758.60","8,982.55","8,999.65","8,746.75","1.28B","-1.52%"
"16-10-2018","8,893.80","8,849.25","8,902.65","8,835.40","1.24B","0.93%"
"15-10-2018","8,812.00","8,815.15","8,821.65","8,732.30","1.11B","0.51%"
"12-10-2018","8,767.10","8,649.30","8,783.90","8,643.35","1.35B","2.35%"
"11-10-2018","8,565.60","8,501.40","8,657.00","8,473.55","1.48B","-2.09%"
"10-10-2018","8,748.50","8,590.45","8,762.25","8,588.35","1.47B","2.17%"
"09-10-2018","8,562.95","8,635.85","8,645.80","8,519.30","1.37B","-0.46%"
"08-10-2018","8,602.60","8,611.35","8,671.30","8,483.15","1.54B","-0.26%"
"05-10-2018","8,624.95","8,793.20","8,815.80","8,582.15","1.57B","-2.60%"
"04-10-2018","8,854.85","8,963.70","8,963.70","8,812.00","1.49B","-2.23%"
"03-10-2018","9,056.70","9,147.25","9,157.20","9,042.05","1.53B","-1.19%"
"01-10-2018","9,165.50","9,107.00","9,185.50","8,986.40","1.60B","0.54%"
"28-09-2018","9,116.00","9,230.10","9,249.35","9,041.65","1.86B","-0.94%"
"27-09-2018","9,202.35","9,319.80","9,324.50","9,188.60","1.57B","-1.07%"
"26-09-2018","9,302.25","9,367.60","9,367.60","9,255.35","1.51B","-0.01%"
"25-09-2018","9,303.35","9,238.30","9,317.10","9,149.00","1.80B","0.65%"
"24-09-2018","9,243.15","9,445.20","9,449.75","9,223.25","1.57B","-1.94%"
"21-09-2018","9,425.55","9,585.10","9,630.70","9,134.55","2.50B","-1.26%"
"19-09-2018","9,545.70","9,633.90","9,640.30","9,516.25","1.27B","-0.51%"
"18-09-2018","9,594.25","9,701.30","9,728.15","9,586.00","1.48B","-1.05%"
"17-09-2018","9,696.45","9,754.60","9,754.60","9,687.30","1.24B","-0.98%"
"14-09-2018","9,792.75","9,724.20","9,799.15","9,722.75","1.17B","1.37%"
"12-09-2018","9,660.60","9,641.65","9,669.20","9,552.20","1.35B","0.56%"
"11-09-2018","9,607.10","9,770.90","9,775.05","9,596.50","1.20B","-1.37%"
"10-09-2018","9,740.10","9,862.80","9,870.70","9,730.20","1.11B","-1.37%"
"07-09-2018","9,875.20","9,834.55","9,885.60","9,779.35","1.16B","0.61%"
"06-09-2018","9,815.45","9,801.95","9,832.40","9,730.85","1.14B","0.52%"
"05-09-2018","9,764.55","9,795.70","9,817.85","9,678.20","1.45B","-0.42%"
"04-09-2018","9,806.05","9,933.00","9,937.75","9,784.25","1.32B","-1.17%"
"03-09-2018","9,921.65","10,049.85","10,049.85","9,908.70","1.31B","-0.70%"
"31-08-2018","9,992.00","9,978.25","10,027.00","9,951.55","1.52B","0.17%"
"30-08-2018","9,975.20","9,979.35","9,986.35","9,947.00","1.59B","0.02%"
"29-08-2018","9,973.65","9,995.10","10,015.35","9,964.35","1.38B","-0.12%"
"28-08-2018","9,985.90","9,990.25","10,012.85","9,963.35","1.23B","0.27%"
"27-08-2018","9,958.80","9,893.45","9,966.90","9,887.50","1.13B","1.10%"
"24-08-2018","9,850.80","9,860.90","9,889.95","9,821.45","1.25B","-0.22%"
"23-08-2018","9,872.55","9,900.05","9,900.05","9,839.00","1.08B","0.10%"
"21-08-2018","9,862.50","9,862.90","9,868.50","9,831.05","1.27B","0.23%"
"20-08-2018","9,839.75","9,800.80","9,846.55","9,798.90","1.23B","0.71%"
"17-08-2018","9,770.20","9,730.85","9,776.30","9,728.20","1.29B","0.87%"
"16-08-2018","9,685.65","9,696.90","9,742.50","9,666.50","1.36B","-0.42%"
"14-08-2018","9,726.15","9,678.70","9,730.65","9,672.15","1.15B","0.72%"
"13-08-2018","9,656.50","9,673.00","9,704.90","9,641.15","1.29B","-0.70%"
"10-08-2018","9,724.45","9,776.70","9,777.85","9,715.30","1.45B","-0.46%"
"09-08-2018","9,769.10","9,779.35","9,784.05","9,752.95","1.80B","0.25%"
"08-08-2018","9,744.75","9,723.80","9,754.30","9,696.70","1.31B","0.41%"
"07-08-2018","9,704.80","9,740.65","9,744.25","9,675.75","1.40B","-0.05%"
"06-08-2018","9,709.35","9,723.05","9,743.65","9,698.00","1.22B","0.24%"
"03-08-2018","9,685.70","9,631.40","9,690.55","9,630.45","1.34B","1.01%"
"02-08-2018","9,588.80","9,642.10","9,642.10","9,579.70","1.20B","-0.65%"
"01-08-2018","9,651.70","9,661.70","9,683.60","9,620.95","1.41B","0.01%"
"31-07-2018","9,650.60","9,615.10","9,657.60","9,582.70","1.45B","0.33%"
"30-07-2018","9,618.70","9,598.50","9,624.90","9,566.35","1.33B","0.41%"
"27-07-2018","9,579.05","9,537.00","9,583.15","9,526.55","1.33B","0.96%"
"26-07-2018","9,487.90","9,455.85","9,502.15","9,454.00","1.61B","0.40%"
"25-07-2018","9,449.90","9,466.95","9,476.50","9,433.90","1.34B","-0.01%"
"24-07-2018","9,450.65","9,385.95","9,454.80","9,383.35","1.53B","0.93%"
"23-07-2018","9,363.85","9,301.70","9,369.80","9,295.95","1.28B","0.84%"
"20-07-2018","9,286.10","9,238.60","9,295.05","9,217.60","1.09B","0.54%"
"19-07-2018","9,236.30","9,284.85","9,287.80","9,210.10","1.21B","-0.36%"
"18-07-2018","9,269.55","9,359.50","9,371.95","9,244.95","1.36B","-0.49%"
"17-07-2018","9,315.25","9,232.55","9,321.90","9,214.70","1.32B","0.91%"
"16-07-2018","9,231.25","9,350.10","9,350.20","9,222.30","1.15B","-1.26%"
"13-07-2018","9,349.05","9,406.00","9,408.30","9,335.10","1.10B","-0.34%"
"12-07-2018","9,380.90","9,392.75","9,442.40","9,373.10","1.16B","0.39%"
"11-07-2018","9,344.25","9,362.60","9,379.60","9,333.85","1.12B","-0.16%"
"10-07-2018","9,359.40","9,321.45","9,365.15","9,305.40","970.11M","0.88%"
"09-07-2018","9,277.95","9,250.40","9,281.30","9,231.80","907.17M","0.91%"
"06-07-2018","9,194.50","9,160.70","9,233.00","9,153.40","974.19M","0.30%"
"05-07-2018","9,166.60","9,207.60","9,207.60","9,153.45","918.70M","-0.30%"
"04-07-2018","9,194.55","9,158.80","9,200.25","9,123.60","887.97M","0.49%"
"03-07-2018","9,149.40","9,113.85","9,156.35","9,078.80","939.10M","0.44%"
"02-07-2018","9,109.00","9,185.20","9,186.55","9,060.60","1.15B","-0.58%"
"29-06-2018","9,162.45","9,065.90","9,167.50","9,065.55","1.19B","1.39%"
"28-06-2018","9,036.95","9,119.85","9,125.60","9,018.05","1.69B","-1.01%"
"27-06-2018","9,129.25","9,246.50","9,246.50","9,110.25","1.22B","-1.11%"
"26-06-2018","9,231.80","9,217.05","9,261.70","9,209.85","1.04B","-0.03%"
"25-06-2018","9,234.40","9,297.65","9,310.50","9,225.35","929.77M","-0.67%"
"22-06-2018","9,296.65","9,241.15","9,307.25","9,204.05","940.32M","0.61%"
"21-06-2018","9,240.25","9,305.05","9,307.00","9,229.80","938.20M","-0.39%"
"20-06-2018","9,276.40","9,255.00","9,286.65","9,239.05","1.02B","0.45%"
"19-06-2018","9,234.50","9,305.40","9,305.40","9,225.75","1.15B","-0.90%"
"18-06-2018","9,318.55","9,350.65","9,354.05","9,311.35","910.42M","-0.27%"
"15-06-2018","9,343.70","9,358.35","9,376.65","9,303.25","1.21B","-0.14%"
"14-06-2018","9,356.65","9,372.30","9,372.55","9,322.50","976.72M","-0.32%"
"13-06-2018","9,386.40","9,421.00","9,423.20","9,382.55","1.13B","0.00%"
"12-06-2018","9,386.45","9,355.65","9,394.90","9,338.30","1.05B","0.58%"
"11-06-2018","9,332.40","9,334.45","9,386.15","9,324.30","1.06B","0.17%"
"08-06-2018","9,316.25","9,275.20","9,324.70","9,254.30","1.10B","0.17%"
"07-06-2018","9,300.10","9,244.70","9,327.85","9,243.70","1.30B","1.02%"
"06-06-2018","9,205.90","9,114.20","9,214.30","9,096.00","1.33B","1.05%"
"05-06-2018","9,110.50","9,176.65","9,178.30","9,072.65","1.30B","-0.71%"
"04-06-2018","9,175.90","9,308.30","9,310.90","9,167.95","1.07B","-0.86%"
"01-06-2018","9,255.10","9,317.80","9,334.70","9,245.55","1.47B","-0.65%"
"31-05-2018","9,315.35","9,299.40","9,333.65","9,249.20","2.40B","0.65%"
"30-05-2018","9,255.00","9,220.80","9,283.55","9,209.85","1.38B","-0.17%"
"29-05-2018","9,270.60","9,309.95","9,337.25","9,250.50","1.25B","-0.40%"
"28-05-2018","9,307.55","9,256.80","9,320.10","9,251.80","1.20B","1.00%"
"25-05-2018","9,215.55","9,135.05","9,230.70","9,126.60","1.18B","1.10%"
"24-05-2018","9,115.55","9,098.75","9,130.95","9,046.70","1.17B","0.50%"
"23-05-2018","9,069.80","9,136.65","9,151.80","9,059.35","1.18B","-0.83%"
"22-05-2018","9,145.65","9,110.65","9,152.25","9,080.35","1.44B","0.41%"
"21-05-2018","9,108.70","9,221.10","9,224.95","9,099.85","1.44B","-1.09%"
"18-05-2018","9,209.20","9,298.95","9,300.55","9,200.30","1.90B","-1.02%"
"17-05-2018","9,304.45","9,359.15","9,360.15","9,290.30","1.77B","-0.26%"
"16-05-2018","9,328.70","9,324.70","9,365.00","9,275.60","1.39B","-0.40%"
"15-05-2018","9,365.90","9,391.10","9,490.80","9,341.20","1.32B","-0.26%"
"14-05-2018","9,389.95","9,425.25","9,432.40","9,371.45","1.13B","-0.28%"
"11-05-2018","9,416.35","9,385.80","9,421.35","9,356.00","1.11B","0.59%"
"10-05-2018","9,360.95","9,444.65","9,448.50","9,351.50","1.19B","-0.62%"
"09-05-2018","9,418.90","9,401.20","9,443.15","9,399.45","1.02B","-0.01%"
"08-05-2018","9,419.85","9,451.90","9,452.45","9,396.75","1.27B","0.01%"
"07-05-2018","9,418.80","9,371.70","9,424.40","9,353.30","1.04B","0.85%"
"04-05-2018","9,339.75","9,402.50","9,402.50","9,327.30","1.22B","-0.52%"
"03-05-2018","9,388.65","9,442.10","9,442.20","9,355.05","1.25B","-0.59%"
"02-05-2018","9,444.50","9,531.60","9,531.65","9,416.50","1.29B","-0.55%"
"30-04-2018","9,496.50","9,464.00","9,503.60","9,463.20","1.03B","0.56%"
"27-04-2018","9,443.65","9,412.95","9,467.05","9,410.45","1.13B","0.66%"
"26-04-2018","9,381.35","9,368.75","9,388.85","9,339.65","1.49B","0.34%"
"25-04-2018","9,349.95","9,387.45","9,393.50","9,323.40","1.20B","-0.43%"
"24-04-2018","9,390.40","9,375.95","9,403.40","9,359.05","1.21B","0.18%"
"23-04-2018","9,373.40","9,366.80","9,410.90","9,324.00","928.30M","0.28%"
"20-04-2018","9,347.65","9,349.20","9,359.10","9,315.15","1.08B","-0.09%"
"19-04-2018","9,356.40","9,345.65","9,360.80","9,328.50","1.15B","0.48%"
"18-04-2018","9,311.60","9,359.10","9,366.75","9,295.75","1.10B","-0.20%"
"17-04-2018","9,330.30","9,339.40","9,340.50","9,287.60","970.11M","0.20%"
"16-04-2018","9,311.30","9,205.05","9,317.85","9,202.80","992.25M","0.47%"
"13-04-2018","9,267.65","9,276.65","9,304.10","9,240.70","1.02B","0.22%"
"12-04-2018","9,247.25","9,226.45","9,263.35","9,210.25","1.10B","0.18%"
"11-04-2018","9,230.85","9,242.30","9,242.30","9,179.85","1.15B","0.13%"
"10-04-2018","9,219.15","9,237.80","9,246.45","9,199.20","1.12B","0.15%"
"09-04-2018","9,205.20","9,179.20","9,223.35","9,175.90","1.06B","0.36%"
"06-04-2018","9,172.05","9,148.45","9,183.45","9,116.55","1.34B","0.28%"
"05-04-2018","9,146.15","9,069.05","9,150.85","9,068.40","1.30B","1.90%"
"04-04-2018","8,975.60","9,105.50","9,120.10","8,962.45","1.47B","-1.09%"
"03-04-2018","9,074.85","9,004.90","9,082.05","8,997.70","1.22B","0.57%"
"02-04-2018","9,023.60","8,949.45","9,030.70","8,933.45","1.01B","1.25%"
"28-03-2018","8,912.10","8,940.20","8,953.90","8,899.00","1.59B","-0.74%"
"27-03-2018","8,978.10","8,968.35","8,995.35","8,938.90","1.20B","0.72%"
"26-03-2018","8,914.35","8,795.05","8,923.05","8,765.85","1.36B","1.29%"
"23-03-2018","8,800.80","8,765.65","8,815.55","8,744.50","1.40B","-1.16%"
"22-03-2018","8,904.00","8,961.95","8,991.70","8,897.30","1.20B","-0.50%"
"21-03-2018","8,949.10","8,970.85","9,015.65","8,929.65","1.18B","0.32%"
"20-03-2018","8,920.45","8,854.00","8,945.35","8,847.80","1.23B","0.30%"
"19-03-2018","8,894.20","9,026.40","9,032.30","8,879.30","1.23B","-1.22%"
"16-03-2018","9,004.45","9,127.80","9,128.50","8,991.85","1.78B","-1.42%"
"15-03-2018","9,133.90","9,151.35","9,177.95","9,122.65","1.38B","-0.19%"
"14-03-2018","9,151.55","9,126.90","9,158.20","9,091.45","1.30B","-0.07%"
"13-03-2018","9,157.90","9,102.70","9,194.35","9,096.20","1.54B","0.40%"
"12-03-2018","9,121.75","9,053.70","9,130.40","9,034.25","1.27B","1.51%"
"09-03-2018","8,986.40","9,032.55","9,051.40","8,972.50","1.15B","-0.16%"
"08-03-2018","9,000.70","8,992.40","9,021.65","8,898.90","1.40B","0.71%"
"07-03-2018","8,936.85","9,025.10","9,029.95","8,924.70","1.46B","-1.14%"
"06-03-2018","9,039.80","9,191.45","9,214.45","9,013.45","1.19B","-1.05%"
"05-03-2018","9,136.10","9,202.10","9,202.20","9,104.15","1.14B","-0.97%"
"01-03-2018","9,225.35","9,254.40","9,297.40","9,215.80","1.03B","-0.39%"
"28-02-2018","9,261.90","9,244.50","9,290.20","9,213.85","1.40B","-0.43%"
"27-02-2018","9,302.25","9,360.90","9,374.90","9,289.25","1.16B","-0.33%"
"26-02-2018","9,332.65","9,291.05","9,338.20","9,280.80","1.21B","0.88%"
"23-02-2018","9,251.35","9,165.45","9,257.50","9,157.10","1.22B","1.23%"
"22-02-2018","9,138.50","9,133.90","9,160.60","9,119.30","1.34B","-0.32%"
"21-02-2018","9,167.60","9,205.10","9,205.40","9,129.35","988.13M","0.18%"
"20-02-2018","9,151.05","9,171.20","9,207.35","9,135.70","1.06B","-0.10%"
"19-02-2018","9,159.95","9,265.00","9,265.25","9,091.75","1.20B","-0.82%"
"16-02-2018","9,235.60","9,369.25","9,386.00","9,212.20","1.14B","-0.94%"
"15-02-2018","9,323.60","9,360.45","9,399.40","9,293.35","1.26B","-0.03%"
"14-02-2018","9,326.70","9,397.80","9,399.80","9,292.85","1.40B","-0.23%"
"12-02-2018","9,348.45","9,314.30","9,362.30","9,296.60","1.23B","1.05%"
"09-02-2018","9,251.10","9,167.00","9,272.05","9,155.00","1.26B","-0.77%"
"08-02-2018","9,322.60","9,246.05","9,365.75","9,220.35","1.24B","1.26%"
"07-02-2018","9,206.35","9,300.15","9,306.80","9,181.70","1.25B","0.17%"
"06-02-2018","9,190.55","8,985.80","9,265.90","8,968.50","1.56B","-1.65%"
"05-02-2018","9,344.40","9,254.55","9,367.55","9,221.05","1.48B","-0.70%"
"02-02-2018","9,409.80","9,606.10","9,611.35","9,392.90","1.89B","-2.86%"
"01-02-2018","9,687.05","9,717.30","9,764.35","9,551.55","1.44B","-0.11%"
"31-01-2018","9,697.90","9,716.70","9,746.05","9,648.15","1.26B","-0.46%"
"30-01-2018","9,743.05","9,809.95","9,810.00","9,729.15","1.37B","-0.78%"
"29-01-2018","9,819.45","9,829.00","9,868.40","9,806.05","1.15B","0.10%"
"25-01-2018","9,810.00","9,866.85","9,866.85","9,780.35","1.64B","-0.45%"
"24-01-2018","9,853.90","9,865.70","9,895.00","9,825.25","1.37B","-0.24%"
"23-01-2018","9,877.20","9,816.40","9,885.25","9,814.65","1.51B","0.92%"
"22-01-2018","9,787.30","9,721.45","9,793.40","9,710.95","1.27B","0.66%"
"19-01-2018","9,723.10","9,658.40","9,733.50","9,625.10","1.31B","0.79%"
"18-01-2018","9,646.80","9,761.10","9,769.80","9,605.40","1.77B","-0.41%"
"17-01-2018","9,686.60","9,612.10","9,696.40","9,536.20","1.74B","0.77%"
"16-01-2018","9,612.60","9,720.10","9,720.35","9,598.05","1.66B","-0.90%"
"15-01-2018","9,699.85","9,700.95","9,743.65","9,690.90","1.34B","0.36%"
"12-01-2018","9,665.20","9,681.85","9,689.75","9,583.20","1.65B","0.15%"
"11-01-2018","9,650.30","9,635.90","9,669.30","9,614.65","1.39B","0.20%"
"10-01-2018","9,630.60","9,655.75","9,658.80","9,593.50","1.56B","-0.11%"
"09-01-2018","9,640.75","9,661.10","9,669.45","9,607.70","1.59B","0.02%"
"08-01-2018","9,639.25","9,608.15","9,645.75","9,606.50","1.58B","0.69%"
"05-01-2018","9,573.45","9,536.75","9,577.30","9,529.95","2.01B","0.71%"
"04-01-2018","9,505.75","9,468.10","9,511.85","9,441.90","1.88B","0.70%"
"03-01-2018","9,439.35","9,455.55","9,483.35","9,424.10","1.58B","0.23%"
"02-01-2018","9,417.85","9,474.10","9,487.80","9,377.30","2.06B","-0.18%"
"01-01-2018","9,434.50","9,500.20","9,518.90","9,421.70","2.17B","-0.59%"
"29-12-2017","9,490.65","9,456.80","9,496.40","9,454.65","2.60B","0.58%"
"28-12-2017","9,435.85","9,450.25","9,481.10","9,425.80","2.44B","-0.03%"
"27-12-2017","9,438.25","9,478.15","9,493.85","9,413.25","1.97B","-0.34%"
"26-12-2017","9,470.35","9,452.00","9,477.40","9,427.90","1.57B","0.41%"
"22-12-2017","9,431.50","9,408.75","9,440.20","9,402.25","1.39B","0.47%"
"21-12-2017","9,387.75","9,391.30","9,399.75","9,364.30","1.85B","0.26%"
"20-12-2017","9,363.45","9,386.65","9,398.95","9,351.00","1.47B","0.03%"
"19-12-2017","9,360.45","9,300.85","9,367.05","9,297.75","992.14M","0.97%"
"18-12-2017","9,270.85","9,162.55","9,318.65","9,000.40","1.13B","0.59%"
"15-12-2017","9,216.75","9,217.80","9,242.85","9,207.60","989.84M","0.91%"
"14-12-2017","9,133.65","9,135.25","9,150.25","9,043.85","883.77M","0.35%"
"13-12-2017","9,101.80","9,155.85","9,197.55","9,078.80","1.06B","-0.60%"
"12-12-2017","9,156.50","9,237.15","9,237.60","9,149.35","903.76M","-0.82%"
"11-12-2017","9,231.90","9,232.25","9,241.15","9,205.20","960.85M","0.45%"
"08-12-2017","9,190.55","9,136.60","9,197.05","9,135.40","1.25B","0.96%"
"07-12-2017","9,103.05","9,005.75","9,114.40","9,005.55","933.06M","1.27%"
"06-12-2017","8,988.55","9,034.85","9,050.95","8,981.95","889.92M","-0.75%"
"05-12-2017","9,056.60","9,052.45","9,074.95","8,995.00","882.29M","-0.03%"
"04-12-2017","9,059.35","9,106.70","9,110.85","9,023.60","857.21M","-0.01%"
"01-12-2017","9,060.40","9,191.45","9,209.15","9,046.70","1.04B","-1.03%"
"30-11-2017","9,154.50","9,220.35","9,220.35","9,143.40","1.64B","-0.98%"
"29-11-2017","9,244.70","9,265.50","9,280.65","9,231.65","1.02B","-0.10%"
"28-11-2017","9,254.30","9,266.30","9,286.85","9,234.80","1.18B","-0.14%"
"27-11-2017","9,267.50","9,228.20","9,272.85","9,212.95","1.06B","0.23%"
"24-11-2017","9,246.05","9,226.75","9,254.50","9,221.00","1.03B","0.42%"
"23-11-2017","9,207.40","9,212.35","9,226.75","9,164.30","1.03B","0.13%"
"22-11-2017","9,195.70","9,210.85","9,219.95","9,161.75","1.13B","0.11%"
"21-11-2017","9,185.40","9,192.05","9,215.85","9,166.40","1.24B","0.26%"
"20-11-2017","9,161.90","9,143.50","9,169.95","9,122.35","1.06B","0.27%"
"17-11-2017","9,137.10","9,161.80","9,185.50","9,125.15","1.21B","0.80%"
"16-11-2017","9,065.00","9,005.10","9,078.60","8,993.90","1.22B","1.02%"
"15-11-2017","8,973.75","9,039.85","9,043.15","8,949.00","1.22B","-0.86%"
"14-11-2017","9,051.50","9,085.70","9,106.95","9,042.00","1.22B","-0.34%"
"13-11-2017","9,082.45","9,163.05","9,171.15","9,075.80","1.33B","-0.79%"
"10-11-2017","9,154.95","9,144.75","9,178.40","9,100.35","1.25B","0.08%"
"09-11-2017","9,147.30","9,169.65","9,183.20","9,087.20","1.13B","0.33%"
"08-11-2017","9,117.55","9,183.90","9,201.20","9,097.60","1.19B","-0.57%"
"07-11-2017","9,169.55","9,303.15","9,309.65","9,152.65","1.45B","-1.12%"
"06-11-2017","9,273.10","9,254.30","9,305.75","9,242.25","1.25B","0.13%"
"03-11-2017","9,260.65","9,272.10","9,272.15","9,219.70","1.41B","0.25%"
"02-11-2017","9,237.75","9,243.30","9,264.10","9,217.60","1.27B","0.03%"
"01-11-2017","9,234.85","9,203.95","9,249.15","9,201.05","1.46B","0.89%"
"31-10-2017","9,153.60","9,173.95","9,175.50","9,130.95","1.37B","-0.13%"
"30-10-2017","9,165.10","9,137.55","9,177.20","9,132.15","1.19B","0.67%"
"27-10-2017","9,104.45","9,128.85","9,136.45","9,094.50","1.36B","-0.03%"
"26-10-2017","9,106.75","9,067.20","9,115.15","9,047.40","2.04B","0.46%"
"25-10-2017","9,065.15","9,089.50","9,103.00","9,017.80","2.29B","0.79%"
"24-10-2017","8,993.80","9,002.70","9,017.90","8,973.70","1.06B","0.23%"
"23-10-2017","8,972.90","8,961.95","8,998.20","8,922.75","1.02B","0.39%"
"19-10-2017","8,937.65","8,992.95","8,994.80","8,915.10","225.14M","-0.52%"
"18-10-2017","8,984.65","8,991.65","9,005.90","8,957.05","928.56M","-0.20%"
"17-10-2017","9,002.35","8,988.75","9,011.10","8,972.80","950.65M","0.19%"
"16-10-2017","8,985.25","8,974.25","9,000.10","8,937.65","980.77M","0.54%"
"13-10-2017","8,937.20","8,916.65","8,954.65","8,913.95","1.07B","0.53%"
"12-10-2017","8,890.05","8,818.60","8,895.70","8,784.65","956.78M","1.11%"
"11-10-2017","8,792.40","8,865.75","8,886.80","8,760.65","1.16B","-0.50%"
"10-10-2017","8,836.40","8,823.45","8,848.60","8,816.55","1.01B","0.43%"
"09-10-2017","8,798.30","8,799.80","8,824.75","8,774.65","1.01B","0.12%"
"06-10-2017","8,787.40","8,729.95","8,793.40","8,729.00","1.01B","0.93%"
"05-10-2017","8,706.45","8,721.75","8,746.15","8,699.75","866.18M","0.00%"
"04-10-2017","8,706.85","8,687.80","8,725.85","8,658.30","848.30M","0.51%"
"03-10-2017","8,662.40","8,689.75","8,691.90","8,640.80","850.20M","0.73%"
"29-09-2017","8,600.00","8,597.80","8,653.50","8,586.50","984.53M","0.50%"
"28-09-2017","8,557.10","8,529.15","8,571.95","8,476.30","1.39B","0.42%"
"27-09-2017","8,520.95","8,700.35","8,700.35","8,502.40","992.82M","-1.54%"
"26-09-2017","8,654.60","8,641.10","8,677.50","8,592.90","949.78M","0.19%"
"25-09-2017","8,638.30","8,737.85","8,738.05","8,574.80","1.15B","-1.14%"
"22-09-2017","8,738.00","8,886.70","8,887.05","8,726.25","1.08B","-1.94%"
"21-09-2017","8,911.20","8,942.00","8,957.55","8,845.90","1.08B","-0.30%"
"20-09-2017","8,938.40","8,970.35","8,976.75","8,932.70","1.10B","-0.15%"
"19-09-2017","8,951.75","8,967.80","8,970.10","8,930.10","1.20B","0.05%"
"18-09-2017","8,946.90","8,932.90","8,963.80","8,931.80","999.08M","0.67%"
"15-09-2017","8,887.60","8,864.00","8,906.80","8,839.25","1.23B","0.03%"
"14-09-2017","8,884.95","8,894.75","8,918.70","8,865.90","1.01B","0.20%"
"13-09-2017","8,866.85","8,900.75","8,928.10","8,853.10","1.18B","-0.27%"
"12-09-2017","8,890.65","8,854.85","8,894.20","8,833.75","1.05B","0.90%"
"11-09-2017","8,810.95","8,789.30","8,830.40","8,782.55","1.01B","0.70%"
"08-09-2017","8,749.95","8,785.70","8,792.05","8,729.95","1.04B","-0.08%"
"07-09-2017","8,757.15","8,766.20","8,785.90","8,747.90","1.03B","0.28%"
"06-09-2017","8,732.40","8,703.30","8,745.70","8,686.95","1.03B","-0.17%"
"05-09-2017","8,747.20","8,723.00","8,754.90","8,698.40","889.16M","0.54%"
"04-09-2017","8,700.35","8,763.75","8,765.80","8,639.90","1.04B","-0.63%"
"01-09-2017","8,755.25","8,717.05","8,763.30","8,700.45","1.06B","0.69%"
"31-08-2017","8,694.95","8,683.40","8,700.50","8,647.75","1.36B","0.37%"
"30-08-2017","8,663.15","8,628.45","8,678.70","8,625.80","950.57M","1.07%"
"29-08-2017","8,571.80","8,648.70","8,648.90","8,561.75","914.94M","-1.13%"
"28-08-2017","8,669.60","8,646.30","8,677.35","8,632.75","863.49M","0.74%"
"24-08-2017","8,605.75","8,610.20","8,622.10","8,586.55","896.33M","0.24%"
"23-08-2017","8,585.00","8,536.65","8,589.40","8,523.05","830.98M","1.01%"
"22-08-2017","8,499.30","8,558.95","8,575.95","8,487.10","947.42M","-0.12%"
"21-08-2017","8,509.40","8,618.50","8,635.40","8,497.25","862.64M","-0.99%"
"18-08-2017","8,594.25","8,607.05","8,607.05","8,541.50","966.62M","-0.57%"
"17-08-2017","8,643.30","8,674.15","8,685.25","8,627.40","1.01B","0.09%"
"16-08-2017","8,635.70","8,575.00","8,640.50","8,526.95","1.06B","1.10%"
"14-08-2017","8,541.50","8,479.45","8,558.70","8,477.50","1.11B","1.35%"
"11-08-2017","8,427.70","8,395.40","8,487.75","8,371.20","1.41B","-0.82%"
"10-08-2017","8,497.75","8,603.70","8,606.90","8,443.10","1.29B","-1.61%"
"09-08-2017","8,637.15","8,709.10","8,711.90","8,620.70","1.22B","-1.03%"
"08-08-2017","8,726.85","8,820.85","8,831.05","8,695.50","1.19B","-0.90%"
"07-08-2017","8,806.45","8,789.85","8,822.40","8,784.15","991.04M","0.34%"
"04-08-2017","8,776.20","8,722.70","8,784.95","8,705.05","1.06B","0.54%"
"03-08-2017","8,729.30","8,788.35","8,788.35","8,715.05","1.22B","-0.65%"
"02-08-2017","8,786.85","8,831.50","8,832.80","8,765.95","1.01B","-0.29%"
"01-08-2017","8,812.60","8,815.25","8,820.75","8,786.05","835.15M","0.22%"
"31-07-2017","8,793.30","8,767.05","8,799.30","8,752.25","1.02B","0.52%"
"28-07-2017","8,747.45","8,715.75","8,755.95","8,691.35","1.28B","0.12%"
"27-07-2017","8,737.10","8,783.30","8,817.35","8,724.70","1.71B","-0.13%"
"26-07-2017","8,748.75","8,727.35","8,753.40","8,717.35","1.58B","0.44%"
"25-07-2017","8,710.60","8,735.20","8,735.85","8,693.30","1.22B","0.09%"
"24-07-2017","8,702.85","8,687.90","8,719.45","8,676.20","1.48B","0.38%"
"21-07-2017","8,669.75","8,663.85","8,678.15","8,602.60","1.41B","0.33%"
"20-07-2017","8,641.60","8,678.05","8,680.35","8,634.30","951.25M","-0.24%"
"19-07-2017","8,662.15","8,617.95","8,665.60","8,616.15","1.12B","0.84%"
"18-07-2017","8,589.80","8,605.40","8,642.35","8,579.95","1.11B","-0.80%"
"17-07-2017","8,659.50","8,659.70","8,668.00","8,637.45","1.08B","0.22%"
"14-07-2017","8,640.70","8,664.30","8,664.30","8,599.50","916.14M","-0.06%"
"13-07-2017","8,646.30","8,620.55","8,649.65","8,619.20","886.92M","0.71%"
"12-07-2017","8,585.50","8,564.30","8,591.65","8,552.25","977.09M","0.48%"
"11-07-2017","8,544.90","8,580.00","8,596.95","8,539.60","1.02B","-0.14%"
"10-07-2017","8,556.95","8,521.15","8,563.85","8,465.50","264.84M","0.91%"
"07-07-2017","8,479.45","8,480.15","8,494.35","8,457.25","1.10B","-0.03%"
"06-07-2017","8,481.75","8,470.25","8,506.15","8,463.55","1.03B","0.36%"
"05-07-2017","8,451.50","8,419.40","8,456.40","8,412.40","971.20M","0.49%"
"04-07-2017","8,410.70","8,442.90","8,450.80","8,394.80","934.76M","-0.07%"
"03-07-2017","8,416.40","8,380.00","8,423.45","8,348.40","913.30M","1.02%"
"30-06-2017","8,331.60","8,280.10","8,343.80","8,250.30","1.12B","0.37%"
"29-06-2017","8,301.10","8,308.40","8,352.95","8,292.75","1.51B","0.26%"
"28-06-2017","8,279.70","8,286.70","8,303.10","8,249.10","1.01B","-0.07%"
"27-06-2017","8,285.50","8,372.35","8,382.15","8,249.50","1.18B","-0.83%"
"23-06-2017","8,355.10","8,435.60","8,438.35","8,332.70","1.16B","-0.82%"
"22-06-2017","8,423.85","8,455.90","8,496.00","8,412.10","1.22B","-0.23%"
"21-06-2017","8,443.60","8,451.55","8,454.95","8,424.05","917.60M","-0.12%"
"20-06-2017","8,454.00","8,467.30","8,475.90","8,444.75","768.61M","0.01%"
"19-06-2017","8,453.10","8,446.95","8,467.45","8,428.70","687.27M","0.50%"
"16-06-2017","8,411.45","8,416.55","8,440.95","8,392.20","1.02B","0.13%"
"15-06-2017","8,400.20","8,420.85","8,427.70","8,383.55","1.01B","-0.24%"
"14-06-2017","8,420.80","8,421.05","8,424.95","8,381.10","938.12M","0.15%"
"13-06-2017","8,408.00","8,415.75","8,448.50","8,396.70","885.82M","-0.01%"
"12-06-2017","8,408.70","8,439.00","8,439.15","8,392.25","780.96M","-0.52%"
"09-06-2017","8,452.75","8,427.15","8,459.20","8,398.50","783.40M","0.28%"
"08-06-2017","8,429.15","8,451.75","8,456.85","8,415.55","737.19M","-0.03%"
"07-06-2017","8,431.50","8,420.10","8,442.00","8,400.20","798.78M","0.41%"
"06-06-2017","8,397.20","8,457.45","8,460.50","8,383.75","774.63M","-0.46%"
"05-06-2017","8,435.75","8,418.65","8,448.30","8,404.50","817.89M","0.35%"
"02-06-2017","8,406.55","8,403.95","8,416.85","8,385.10","1.21B","0.47%"
"01-06-2017","8,367.15","8,343.85","8,374.65","8,338.05","922.03M","0.19%"
"31-05-2017","8,350.95","8,344.25","8,369.10","8,330.20","1.57B","0.26%"
"30-05-2017","8,328.95","8,286.00","8,334.35","8,262.40","1.11B","0.35%"
"29-05-2017","8,299.50","8,315.70","8,353.70","8,266.10","1.05B","-0.39%"
"26-05-2017","8,331.85","8,238.95","8,335.80","8,231.35","1.08B","1.19%"
"25-05-2017","8,233.90","8,130.70","8,240.95","8,119.15","1.37B","1.57%"
"24-05-2017","8,106.60","8,178.35","8,192.25","8,087.00","1.14B","-0.64%"
"23-05-2017","8,159.15","8,242.80","8,243.35","8,119.90","1.13B","-0.92%"
"22-05-2017","8,235.05","8,304.90","8,322.50","8,228.80","953.73M","-0.28%"
"19-05-2017","8,258.20","8,318.20","8,352.45","8,218.55","1.04B","-0.25%"
"18-05-2017","8,279.15","8,334.30","8,361.45","8,269.25","1.07B","-1.39%"
"17-05-2017","8,396.00","8,402.00","8,404.10","8,371.75","920.33M","-0.04%"
"16-05-2017","8,398.95","8,367.25","8,401.40","8,359.10","1.06B","0.57%"
"15-05-2017","8,351.30","8,329.75","8,353.70","8,322.50","975.10M","0.63%"
"12-05-2017","8,299.20","8,343.15","8,343.90","8,271.95","832.31M","-0.38%"
"11-05-2017","8,331.00","8,354.65","8,358.50","8,323.70","897.41M","0.13%"
"10-05-2017","8,320.20","8,266.65","8,325.60","8,265.05","926.17M","0.94%"
"09-05-2017","8,242.70","8,246.30","8,256.00","8,222.65","999.27M","0.20%"
"08-05-2017","8,226.10","8,216.95","8,241.25","8,206.60","879.98M","0.40%"
"05-05-2017","8,193.25","8,277.70","8,279.00","8,174.25","1.21B","-0.88%"
"04-05-2017","8,265.80","8,263.85","8,269.10","8,235.80","1.05B","0.46%"
"03-05-2017","8,227.70","8,259.55","8,260.80","8,215.40","967.97M","-0.04%"
"02-05-2017","8,231.35","8,244.70","8,260.05","8,186.00","1.03B","0.21%"
"28-04-2017","8,214.30","8,226.40","8,227.80","8,195.55","1.16B","-0.10%"
"27-04-2017","8,222.20","8,241.95","8,245.25","8,210.65","1.14B","-0.11%"
"26-04-2017","8,230.85","8,244.70","8,260.35","8,178.95","1.19B","0.17%"
"25-04-2017","8,216.70","8,183.60","8,218.90","8,167.70","1.06B","0.98%"
"24-04-2017","8,137.35","8,075.20","8,142.45","8,072.80","1.07B","0.99%"
"21-04-2017","8,057.70","8,099.95","8,106.50","8,030.45","1.08B","-0.07%"
"20-04-2017","8,063.10","8,036.25","8,069.35","8,032.55","946.94M","0.52%"
"19-04-2017","8,021.00","8,008.40","8,031.25","7,983.20","947.71M","0.22%"
"18-04-2017","8,003.15","8,065.10","8,117.20","7,995.35","1.28B","-0.49%"
"17-04-2017","8,042.60","8,044.00","8,058.00","8,017.20","1.08B","-0.03%"
"13-04-2017","8,044.90","8,080.70","8,080.70","8,040.35","812.04M","-0.42%"
"12-04-2017","8,078.85","8,115.20","8,122.55","8,028.70","1.09B","-0.35%"
"11-04-2017","8,107.10","8,056.55","8,108.45","8,050.10","1.16B","0.68%"
"10-04-2017","8,052.10","8,070.45","8,077.95","8,038.30","781.74M","0.08%"
"07-04-2017","8,045.35","8,064.05","8,100.50","8,035.00","988.92M","-0.58%"
"06-04-2017","8,092.10","8,081.50","8,096.25","8,056.35","944.83M","-0.04%"
"05-04-2017","8,095.10","8,077.85","8,100.70","8,045.75","1.07B","0.52%"
"03-04-2017","8,053.15","8,028.55","8,057.40","8,014.40","836.44M","0.73%"
"31-03-2017","7,995.05","7,975.05","8,005.75","7,971.00","1.04B","0.23%"
"30-03-2017","7,976.90","7,950.00","7,983.85","7,946.75","1.37B","0.40%"
"29-03-2017","7,945.30","7,935.65","7,950.95","7,916.80","947.16M","0.42%"
"28-03-2017","7,912.10","7,895.30","7,919.85","7,894.00","778.03M","0.60%"
"27-03-2017","7,865.30","7,899.75","7,900.60","7,847.75","809.94M","-0.51%"
"24-03-2017","7,905.30","7,900.50","7,926.85","7,894.75","953.18M","0.25%"
"23-03-2017","7,885.70","7,852.05","7,895.70","7,852.05","834.97M","0.71%"
"22-03-2017","7,830.10","7,849.65","7,861.15","7,817.65","860.63M","-1.00%"
"21-03-2017","7,909.20","7,927.50","7,933.20","7,874.50","873.92M","-0.12%"
"20-03-2017","7,918.60","7,944.90","7,945.05","7,906.00","1.05B","-0.18%"
"17-03-2017","7,933.10","7,967.70","7,974.95","7,913.40","1.17B","0.06%"
"16-03-2017","7,928.55","7,893.50","7,931.65","7,892.65","1.06B","0.94%"
"15-03-2017","7,854.75","7,842.15","7,869.55","7,836.10","980.79M","0.24%"
"14-03-2017","7,835.65","7,844.30","7,864.60","7,807.50","990.88M","1.62%"
"10-03-2017","7,710.90","7,732.50","7,751.30","7,690.95","685.08M","0.01%"
"09-03-2017","7,710.00","7,704.05","7,731.90","7,692.75","776.93M","-0.01%"
"08-03-2017","7,710.95","7,740.95","7,745.55","7,678.70","809.43M","-0.31%"
"07-03-2017","7,735.30","7,758.75","7,758.80","7,723.25","759.20M","-0.13%"
"06-03-2017","7,745.40","7,716.15","7,749.60","7,715.45","719.45M","0.64%"
"03-03-2017","7,696.20","7,679.10","7,703.70","7,659.25","793.37M","0.06%"
"02-03-2017","7,691.65","7,787.95","7,793.90","7,676.00","1.04B","-0.81%"
"01-03-2017","7,754.70","7,733.30","7,769.95","7,729.35","1.03B","0.59%"
"28-02-2017","7,709.10","7,713.40","7,729.30","7,695.25","1.12B","0.03%"
"27-02-2017","7,706.50","7,733.30","7,746.15","7,700.40","980.07M","-0.30%"
"23-02-2017","7,729.65","7,741.60","7,762.60","7,720.75","1.30B","0.10%"
"22-02-2017","7,721.60","7,745.10","7,756.45","7,706.30","1.01B","-0.05%"
"21-02-2017","7,725.25","7,704.40","7,735.35","7,690.25","883.76M","0.43%"
"20-02-2017","7,691.85","7,640.10","7,694.70","7,632.15","975.53M","0.71%"
"17-02-2017","7,638.00","7,672.80","7,681.10","7,617.20","1.00B","0.51%"
"16-02-2017","7,599.45","7,543.30","7,602.45","7,522.45","874.73M","0.90%"
"15-02-2017","7,531.60","7,597.40","7,613.60","7,519.85","941.51M","-0.97%"
"14-02-2017","7,605.05","7,640.60","7,640.65","7,593.15","853.29M","-0.29%"
"13-02-2017","7,626.95","7,655.30","7,660.05","7,583.10","922.50M","-0.06%"
"10-02-2017","7,631.25","7,651.90","7,656.80","7,613.75","897.91M","0.10%"
"09-02-2017","7,623.60","7,636.30","7,660.30","7,577.55","1.04B","0.12%"
"08-02-2017","7,614.75","7,615.15","7,630.60","7,562.35","1.05B","0.15%"
"07-02-2017","7,603.20","7,637.55","7,638.80","7,576.05","1.24B","-0.33%"
"06-02-2017","7,628.10","7,610.80","7,638.35","7,600.25","1.17B","0.77%"
"03-02-2017","7,569.90","7,555.70","7,578.05","7,544.00","1.33B","0.30%"
"02-02-2017","7,547.10","7,525.45","7,564.45","7,501.55","1.23B","0.41%"
"01-02-2017","7,516.05","7,390.55","7,520.70","7,366.90","1.32B","1.85%"
"31-01-2017","7,379.30","7,453.80","7,455.20","7,372.55","1.30B","-0.98%"
"30-01-2017","7,452.15","7,451.70","7,473.00","7,432.10","943.49M","-0.04%"
"27-01-2017","7,455.15","7,426.85","7,483.90","7,424.40","1.04B","0.50%"
"25-01-2017","7,417.70","7,338.90","7,424.90","7,334.80","1.11B","1.40%"
"24-01-2017","7,315.25","7,259.80","7,319.70","7,254.60","683.41M","1.00%"
"23-01-2017","7,242.55","7,191.40","7,251.00","7,189.80","663.62M","0.55%"
"20-01-2017","7,202.75","7,267.10","7,281.85","7,196.65","869.23M","-1.17%"
"19-01-2017","7,287.75","7,271.95","7,295.40","7,260.35","735.47M","0.26%"
"18-01-2017","7,269.00","7,252.25","7,299.20","7,249.80","701.13M","0.35%"
"17-01-2017","7,243.65","7,255.70","7,276.05","7,227.00","614.87M","-0.06%"
"16-01-2017","7,247.95","7,224.00","7,255.65","7,209.30","603.67M","0.27%"
"13-01-2017","7,228.30","7,268.95","7,271.00","7,202.95","676.59M","-0.05%"
"12-01-2017","7,231.85","7,225.35","7,244.20","7,209.10","786.92M","0.25%"
"11-01-2017","7,214.15","7,163.90","7,220.35","7,160.35","824.93M","1.15%"
"10-01-2017","7,132.20","7,108.35","7,136.05","7,106.45","667.84M","0.66%"
"09-01-2017","7,085.15","7,099.55","7,101.75","7,076.85","576.56M","0.03%"
"06-01-2017","7,083.10","7,119.05","7,140.25","7,073.50","702.35M","-0.33%"
"05-01-2017","7,106.90","7,063.15","7,112.60","7,061.80","827.12M","1.08%"
"04-01-2017","7,030.75","7,042.25","7,058.60","7,024.20","800.04M","0.03%"
"03-01-2017","7,028.75","7,019.00","7,048.00","6,989.00","627.40M","0.37%"
"02-01-2017","7,002.50","7,007.40","7,014.15","6,955.45","602.24M","0.28%"
"30-12-2016","6,982.80","6,931.85","6,993.40","6,928.85","636.19M","0.97%"
"29-12-2016","6,915.45","6,846.80","6,920.90","6,839.80","864.98M","0.99%"
"28-12-2016","6,847.40","6,849.45","6,902.00","6,839.90","565.57M","0.23%"
"27-12-2016","6,832.00","6,730.90","6,840.85","6,711.65","568.81M","1.60%"
"26-12-2016","6,724.45","6,800.20","6,801.80","6,720.25","499.94M","-1.33%"
"23-12-2016","6,814.90","6,814.05","6,850.90","6,779.20","554.43M","-0.02%"
"22-12-2016","6,816.35","6,883.40","6,883.90","6,806.10","509.30M","-1.16%"
"21-12-2016","6,896.00","6,929.75","6,933.85","6,889.70","544.39M","-0.18%"
"20-12-2016","6,908.10","6,948.90","6,960.10","6,892.80","556.07M","-0.51%"
"19-12-2016","6,943.35","6,973.05","6,973.50","6,936.55","470.10M","-0.48%"
"16-12-2016","6,976.50","7,009.40","7,009.55","6,965.60","608.38M","-0.18%"
"15-12-2016","6,989.25","6,957.45","7,047.35","6,953.10","612.04M","-0.22%"
"14-12-2016","7,004.65","7,053.90","7,053.90","6,999.20","569.89M","-0.58%"
"13-12-2016","7,045.35","7,040.50","7,050.20","7,007.65","610.34M","0.32%"
"12-12-2016","7,023.20","7,083.10","7,083.10","7,009.25","488.75M","-1.10%"
"09-12-2016","7,101.15","7,111.75","7,112.25","7,085.20","624.34M","0.17%"
"08-12-2016","7,089.25","7,015.80","7,094.20","7,014.75","602.27M","1.69%"
"07-12-2016","6,971.20","7,026.60","7,037.75","6,948.95","669.72M","-0.43%"
"06-12-2016","7,001.60","7,007.15","7,030.35","6,994.05","532.42M","0.25%"
"05-12-2016","6,984.25","6,951.80","6,993.60","6,929.45","544.15M","0.53%"
"02-12-2016","6,947.30","7,005.50","7,008.65","6,934.85","654.77M","-1.32%"
"01-12-2016","7,040.25","7,099.60","7,103.80","7,034.65","675.63M","-0.55%"
"30-11-2016","7,079.40","7,030.25","7,085.80","7,009.65","1.08B","1.08%"
"29-11-2016","7,003.60","6,993.50","7,048.70","6,991.55","670.27M","0.29%"
"28-11-2016","6,983.40","6,940.00","7,000.95","6,929.20","677.90M","0.33%"
"25-11-2016","6,960.75","6,873.90","6,966.45","6,849.75","703.85M","1.80%"
"24-11-2016","6,837.50","6,863.25","6,879.30","6,820.15","932.06M","-0.66%"
"23-11-2016","6,882.65","6,881.20","6,890.15","6,817.35","673.68M","0.69%"
"22-11-2016","6,835.30","6,811.75","6,850.40","6,764.25","746.47M","1.09%"
"21-11-2016","6,761.55","6,934.35","6,934.35","6,751.15","790.20M","-2.13%"
"18-11-2016","6,908.50","6,920.55","6,943.55","6,873.05","662.19M","0.07%"
"17-11-2016","6,903.45","6,928.45","6,966.50","6,884.85","667.22M","-0.36%"
"16-11-2016","6,928.10","7,002.00","7,014.25","6,897.75","890.95M","0.17%"
"15-11-2016","6,916.45","7,120.90","7,122.20","6,902.90","1.15B","-2.95%"
"11-11-2016","7,126.50","7,280.45","7,284.75","7,112.55","972.16M","-2.94%"
"10-11-2016","7,342.30","7,358.05","7,408.80","7,329.90","1.03B","1.31%"
"09-11-2016","7,247.45","6,924.95","7,276.70","6,829.80","1.37B","-1.61%"
"08-11-2016","7,366.05","7,366.35","7,377.60","7,314.25","593.58M","0.48%"
"07-11-2016","7,330.95","7,360.75","7,366.95","7,317.85","603.97M","0.78%"
"04-11-2016","7,274.10","7,359.70","7,359.90","7,245.50","825.48M","-0.95%"
"03-11-2016","7,344.10","7,382.75","7,420.00","7,335.75","701.51M","-0.64%"
"02-11-2016","7,391.40","7,433.55","7,433.55","7,383.30","669.60M","-1.48%"
"01-11-2016","7,502.20","7,525.25","7,539.10","7,491.80","702.08M","0.01%"
"30-10-2016","7,501.45","7,528.65","7,533.60","7,493.95","","0.10%"
"28-10-2016","7,494.10","7,464.55","7,502.20","7,439.35","747.85M","0.56%"
"27-10-2016","7,452.15","7,467.15","7,467.80","7,407.10","1.01B","-0.33%"
"26-10-2016","7,476.75","7,519.30","7,519.30","7,459.30","842.64M","-0.86%"
"25-10-2016","7,541.50","7,561.05","7,561.25","7,512.50","725.84M","-0.13%"
"24-10-2016","7,551.55","7,559.00","7,575.45","7,535.35","696.30M","0.13%"
"21-10-2016","7,541.70","7,550.00","7,550.10","7,505.15","750.92M","0.04%"
"20-10-2016","7,538.80","7,539.35","7,565.50","7,526.50","767.93M","0.41%"
"19-10-2016","7,507.70","7,533.65","7,534.30","7,486.10","760.19M","-0.06%"
"18-10-2016","7,512.30","7,416.15","7,517.30","7,416.00","748.40M","1.73%"
"17-10-2016","7,384.50","7,464.15","7,465.45","7,371.35","791.37M","-0.74%"
"14-10-2016","7,439.85","7,437.90","7,453.05","7,404.00","666.70M","0.29%"
"13-10-2016","7,418.35","7,508.30","7,514.35","7,377.20","835.70M","-1.52%"
"10-10-2016","7,532.70","7,559.50","7,567.45","7,527.95","543.01M","0.07%"
"07-10-2016","7,527.20","7,552.40","7,557.90","7,496.85","741.36M","-0.13%"
"06-10-2016","7,537.25","7,588.85","7,605.65","7,509.75","827.40M","-0.37%"
"05-10-2016","7,565.50","7,599.40","7,600.55","7,542.65","827.83M","-0.03%"
"04-10-2016","7,567.70","7,560.60","7,576.10","7,533.05","805.64M","0.47%"
"03-10-2016","7,532.25","7,443.15","7,535.00","7,429.50","753.01M","1.86%"
"30-09-2016","7,394.85","7,326.60","7,409.15","7,308.85","877.32M","0.79%"
"29-09-2016","7,336.85","7,555.70","7,562.00","7,303.95","1.60B","-2.37%"
"28-09-2016","7,514.95","7,478.25","7,529.70","7,472.05","791.32M","0.60%"
"27-09-2016","7,469.95","7,503.50","7,520.50","7,456.00","648.93M","-0.13%"
"26-09-2016","7,479.75","7,540.95","7,541.15","7,472.15","649.19M","-0.99%"
"23-09-2016","7,554.90","7,587.70","7,592.45","7,547.15","767.01M","-0.24%"
"22-09-2016","7,573.00","7,570.40","7,588.30","7,540.95","751.97M","1.09%"
"21-09-2016","7,491.70","7,504.65","7,534.10","7,478.45","645.84M","0.02%"
"20-09-2016","7,490.30","7,522.90","7,523.85","7,478.10","687.04M","-0.31%"
"19-09-2016","7,513.80","7,500.10","7,525.90","7,486.05","709.94M","0.36%"
"16-09-2016","7,487.20","7,499.10","7,553.80","7,461.45","1.13B","0.33%"
"15-09-2016","7,462.70","7,471.00","7,475.35","7,435.20","795.28M","0.10%"
"14-09-2016","7,455.30","7,423.40","7,462.75","7,409.85","877.74M","0.47%"
"12-09-2016","7,420.50","7,459.70","7,469.50","7,410.10","892.73M","-2.05%"
"09-09-2016","7,575.55","7,634.50","7,634.50","7,567.60","1.02B","-0.88%"
"08-09-2016","7,642.70","7,610.55","7,647.50","7,598.20","1.07B","0.47%"
"07-09-2016","7,607.20","7,638.15","7,638.55","7,599.85","1.21B","-0.10%"
"06-09-2016","7,615.00","7,540.80","7,619.95","7,540.80","725.81M","1.47%"
"02-09-2016","7,504.60","7,491.50","7,513.90","7,474.75","713.61M","0.41%"
"01-09-2016","7,474.30","7,498.25","7,512.30","7,463.60","935.85M","-0.22%"
"31-08-2016","7,490.65","7,473.90","7,520.45","7,473.90","1.16B","0.38%"
"30-08-2016","7,461.95","7,393.00","7,465.55","7,393.00","704.91M","1.37%"
"29-08-2016","7,361.00","7,344.60","7,367.85","7,308.10","628.76M","0.36%"
"26-08-2016","7,334.80","7,363.30","7,374.30","7,317.90","749.65M","-0.12%"
"25-08-2016","7,343.50","7,404.10","7,416.05","7,337.20","1.06B","-0.58%"
"24-08-2016","7,386.05","7,372.95","7,393.35","7,364.10","643.19M","0.36%"
"23-08-2016","7,359.75","7,363.85","7,369.55","7,320.90","726.41M","-0.05%"
"22-08-2016","7,363.80","7,400.60","7,414.00","7,354.15","641.97M","-0.46%"
"19-08-2016","7,397.80","7,408.15","7,413.30","7,378.95","794.49M","0.10%"
"18-08-2016","7,390.20","7,364.65","7,398.65","7,364.65","760.77M","0.63%"
"17-08-2016","7,343.70","7,341.25","7,368.25","7,322.85","781.68M","0.06%"
"16-08-2016","7,339.25","7,350.60","7,362.85","7,305.45","818.30M","-0.11%"
"12-08-2016","7,347.45","7,301.00","7,357.30","7,301.00","785.10M","0.79%"
"11-08-2016","7,289.50","7,277.65","7,297.60","7,237.90","792.48M","0.17%"
"10-08-2016","7,277.00","7,377.60","7,377.60","7,270.10","804.95M","-1.24%"
"09-08-2016","7,368.45","7,411.90","7,411.90","7,337.85","878.57M","-0.40%"
"08-08-2016","7,398.25","7,391.30","7,406.40","7,376.45","709.23M","0.46%"
"05-08-2016","7,364.05","7,289.55","7,368.20","7,289.55","801.98M","1.59%"
"04-08-2016","7,248.55","7,281.70","7,281.70","7,215.40","742.04M","0.22%"
"03-08-2016","7,232.80","7,321.55","7,321.55","7,220.65","781.00M","-1.07%"
"02-08-2016","7,310.90","7,346.15","7,372.35","7,306.75","858.35M","-0.33%"
"01-08-2016","7,335.05","7,350.25","7,395.00","7,292.35","923.44M","0.07%"
"29-07-2016","7,330.00","7,344.50","7,357.45","7,324.40","885.87M","-0.12%"
"28-07-2016","7,338.65","7,315.70","7,343.80","7,309.95","1.25B","0.56%"
"27-07-2016","7,297.90","7,282.50","7,328.15","7,258.00","966.71M","0.38%"
"26-07-2016","7,270.00","7,309.10","7,320.80","7,259.90","1.06B","-0.49%"
"25-07-2016","7,305.60","7,222.55","7,307.60","7,222.55","887.79M","1.08%"
"22-07-2016","7,227.45","7,197.00","7,230.10","7,173.90","865.43M","0.57%"
"21-07-2016","7,186.70","7,241.85","7,243.70","7,182.65","1.03B","-0.48%"
"20-07-2016","7,221.30","7,174.00","7,222.75","7,174.00","782.37M","0.60%"
"19-07-2016","7,178.20","7,169.25","7,186.20","7,134.55","886.82M","0.22%"
"18-07-2016","7,162.25","7,214.30","7,232.00","7,154.55","912.14M","-0.45%"
"15-07-2016","7,194.40","7,223.60","7,245.05","7,181.50","938.74M","-0.29%"
"14-07-2016","7,215.35","7,178.40","7,218.25","7,169.65","914.64M","0.53%"
"13-07-2016","7,177.00","7,208.90","7,213.10","7,161.05","1.20B","-0.21%"
"12-07-2016","7,192.25","7,179.50","7,195.10","7,158.20","1.13B","0.57%"
"11-07-2016","7,151.35","7,111.65","7,156.75","7,110.40","817.87M","1.59%"
"08-07-2016","7,039.40","7,062.25","7,062.25","7,008.05","818.23M","-0.15%"
"07-07-2016","7,050.10","7,058.85","7,071.75","7,039.70","1.08B","-0.01%"
"05-07-2016","7,051.00","7,078.45","7,078.45","7,035.20","1.40B","-0.29%"
"04-07-2016","7,071.85","7,067.05","7,092.10","7,066.75","899.97M","0.63%"
"01-07-2016","7,027.85","7,003.90","7,043.45","7,003.90","906.18M","0.67%"
"30-06-2016","6,980.80","6,951.85","6,990.50","6,944.45","1.32B","1.07%"
"29-06-2016","6,907.10","6,874.35","6,912.95","6,872.10","846.18M","1.01%"
"28-06-2016","6,837.75","6,811.50","6,850.40","6,811.50","711.84M","0.50%"
"27-06-2016","6,803.70","6,743.70","6,820.40","6,743.70","756.57M","0.42%"
"24-06-2016","6,775.55","6,722.25","6,780.50","6,630.55","1.18B","-1.95%"
"23-06-2016","6,910.55","6,871.80","6,919.85","6,852.30","648.19M","0.58%"
"22-06-2016","6,871.00","6,885.90","6,902.70","6,839.80","720.23M","-0.22%"
"21-06-2016","6,886.15","6,906.65","6,906.65","6,873.55","738.56M","-0.07%"
"20-06-2016","6,891.30","6,798.20","6,894.45","6,791.15","820.28M","0.72%"
"17-06-2016","6,842.35","6,851.25","6,865.00","6,815.50","959.18M","0.33%"
"16-06-2016","6,819.85","6,851.05","6,851.05","6,767.85","915.79M","-0.66%"
"15-06-2016","6,865.05","6,819.15","6,870.35","6,810.90","850.39M","1.05%"
"14-06-2016","6,793.85","6,804.60","6,804.60","6,762.50","971.83M","0.13%"
"13-06-2016","6,785.15","6,778.25","6,791.50","6,745.70","853.58M","-0.69%"
"10-06-2016","6,832.05","6,846.05","6,907.30","6,828.50","911.81M","-0.37%"
"09-06-2016","6,857.75","6,908.30","6,908.30","6,843.55","808.98M","-0.64%"
"08-06-2016","6,901.80","6,899.05","6,906.80","6,883.45","762.79M","0.26%"
"07-06-2016","6,884.15","6,859.20","6,903.65","6,848.40","738.19M","0.76%"
"06-06-2016","6,832.30","6,853.35","6,858.10","6,822.10","567.83M","-0.18%"
"03-06-2016","6,844.75","6,871.85","6,885.70","6,839.60","892.84M","-0.06%"
"02-06-2016","6,849.20","6,802.85","6,856.20","6,795.40","637.77M","0.50%"
"01-06-2016","6,815.45","6,820.00","6,850.45","6,811.10","763.31M","0.17%"
"31-05-2016","6,804.00","6,842.65","6,842.65","6,782.50","1.30B","-0.24%"
"30-05-2016","6,820.30","6,811.15","6,835.65","6,795.30","733.48M","0.34%"
"27-05-2016","6,797.00","6,739.20","6,801.80","6,739.20","852.52M","1.07%"
"26-05-2016","6,725.20","6,655.30","6,732.45","6,636.85","1.00B","1.48%"
"25-05-2016","6,626.85","6,547.35","6,631.20","6,547.35","668.23M","1.97%"
"24-05-2016","6,498.60","6,502.65","6,507.00","6,472.35","636.46M","0.05%"
"23-05-2016","6,495.25","6,560.55","6,560.55","6,491.00","593.57M","-0.27%"
"20-05-2016","6,513.10","6,555.65","6,567.40","6,503.85","585.11M","-0.51%"
"19-05-2016","6,546.50","6,626.25","6,626.25","6,537.40","716.59M","-1.13%"
"18-05-2016","6,621.55","6,600.10","6,629.15","6,577.05","641.79M","-0.12%"
"17-05-2016","6,629.70","6,638.00","6,666.60","6,622.50","684.26M","0.32%"
"16-05-2016","6,608.25","6,595.55","6,616.70","6,548.95","644.80M","0.39%"
"13-05-2016","6,582.30","6,628.45","6,634.95","6,566.70","717.78M","-0.88%"
"12-05-2016","6,640.90","6,611.90","6,646.05","6,603.30","614.27M","0.73%"
"11-05-2016","6,593.00","6,549.65","6,625.35","6,533.60","826.51M","-0.37%"
"10-05-2016","6,617.25","6,610.40","6,626.10","6,586.10","600.06M","0.21%"
"09-05-2016","6,603.25","6,525.55","6,608.10","6,525.55","595.30M","1.52%"
"06-05-2016","6,504.55","6,488.45","6,508.55","6,463.70","634.20M","0.07%"
"05-05-2016","6,500.05","6,503.15","6,532.55","6,479.60","677.83M","0.24%"
"04-05-2016","6,484.35","6,515.65","6,529.10","6,477.90","741.05M","-0.75%"
"03-05-2016","6,533.55","6,597.15","6,642.85","6,527.85","753.30M","-0.71%"
"02-05-2016","6,580.15","6,569.55","6,587.05","6,548.95","724.86M","-0.13%"
"29-04-2016","6,588.55","6,583.55","6,616.85","6,533.85","891.96M","0.08%"
"28-04-2016","6,583.15","6,680.00","6,695.20","6,575.45","1.05B","-1.51%"
"27-04-2016","6,684.30","6,660.45","6,695.25","6,659.90","734.20M","0.22%"
"26-04-2016","6,669.50","6,577.20","6,676.35","6,570.60","709.71M","1.15%"
"25-04-2016","6,593.45","6,627.00","6,635.40","6,573.90","601.58M","-0.52%"
"22-04-2016","6,627.95","6,621.85","6,646.10","6,610.05","664.47M","-0.10%"
"21-04-2016","6,634.30","6,675.40","6,694.95","6,615.10","786.44M","-0.14%"
"20-04-2016","6,643.30","6,663.25","6,669.80","6,615.40","887.26M","0.12%"
"18-04-2016","6,635.05","6,610.90","6,638.60","6,568.90","687.26M","0.91%"
"13-04-2016","6,575.35","6,524.65","6,587.05","6,524.50","785.58M","1.63%"
"12-04-2016","6,470.10","6,433.70","6,475.50","6,432.10","620.69M","0.61%"
"11-04-2016","6,430.60","6,363.55","6,434.75","6,324.60","638.27M","1.32%"
"08-04-2016","6,346.65","6,327.10","6,351.70","6,316.15","585.70M","0.27%"
"07-04-2016","6,329.80","6,391.75","6,391.75","6,322.15","764.46M","-0.76%"
"06-04-2016","6,378.00","6,381.95","6,383.25","6,352.10","666.07M","0.31%"
"05-04-2016","6,358.35","6,462.90","6,462.90","6,350.20","737.07M","-1.87%"
"04-04-2016","6,479.60","6,465.95","6,482.50","6,439.65","621.88M","0.53%"
"01-04-2016","6,445.50","6,438.40","6,462.60","6,409.80","818.61M","-0.10%"
"31-03-2016","6,452.15","6,437.10","6,468.05","6,420.20","1.12B","0.24%"
"30-03-2016","6,436.70","6,366.05","6,440.80","6,366.05","766.14M","1.80%"
"29-03-2016","6,323.00","6,329.20","6,359.30","6,302.05","664.42M","-0.18%"
"28-03-2016","6,334.70","6,441.00","6,441.20","6,318.60","687.71M","-1.39%"
"23-03-2016","6,423.70","6,421.20","6,430.00","6,389.50","636.36M","0.08%"
"22-03-2016","6,418.30","6,406.80","6,426.30","6,363.45","713.58M","0.18%"
"21-03-2016","6,406.70","6,336.70","6,411.80","6,336.70","635.08M","1.33%"
"18-03-2016","6,322.65","6,273.00","6,325.90","6,254.95","780.50M","1.07%"
"17-03-2016","6,255.75","6,287.05","6,307.80","6,233.90","764.71M","0.28%"
"16-03-2016","6,238.45","6,221.10","6,244.50","6,166.95","667.59M","0.25%"
"15-03-2016","6,222.65","6,282.70","6,282.70","6,214.70","613.23M","-0.96%"
"14-03-2016","6,282.70","6,287.30","6,317.50","6,263.05","590.03M","0.39%"
"11-03-2016","6,258.45","6,242.60","6,287.90","6,223.20","669.56M","0.25%"
"10-03-2016","6,242.95","6,289.10","6,289.10","6,217.55","704.30M","-0.51%"
"09-03-2016","6,275.10","6,208.20","6,279.50","6,193.45","797.98M","0.50%"
"08-03-2016","6,243.65","6,242.40","6,278.40","6,209.25","935.06M","0.07%"
"04-03-2016","6,239.35","6,242.60","6,249.85","6,200.45","887.75M","0.34%"
"03-03-2016","6,218.40","6,183.90","6,223.00","6,162.35","848.64M","1.32%"
"02-03-2016","6,137.15","6,095.30","6,151.05","6,094.05","958.26M","1.95%"
"01-03-2016","6,020.05","5,866.65","6,027.45","5,866.65","779.99M","3.26%"
"29-02-2016","5,829.95","5,869.85","5,897.95","5,717.00","1.10B","-0.39%"
"26-02-2016","5,852.90","5,870.55","5,878.90","5,818.50","603.05M","0.63%"
"25-02-2016","5,816.50","5,871.50","5,871.50","5,810.65","907.65M","-0.74%"
"24-02-2016","5,859.75","5,906.50","5,911.95","5,853.35","636.27M","-1.20%"
"23-02-2016","5,930.90","6,031.60","6,031.60","5,923.75","590.01M","-1.55%"
"22-02-2016","6,024.15","6,007.15","6,034.65","6,000.30","478.88M","0.40%"
"19-02-2016","6,000.40","5,973.35","6,009.05","5,955.50","578.57M","0.19%"
"18-02-2016","5,988.80","5,986.85","6,016.80","5,937.45","683.62M","0.99%"
"17-02-2016","5,930.15","5,897.90","5,940.95","5,801.05","821.48M","0.70%"
"16-02-2016","5,889.10","6,028.05","6,028.05","5,882.85","715.23M","-1.83%"
"15-02-2016","5,999.05","5,903.80","6,013.55","5,903.80","864.08M","2.84%"
"12-02-2016","5,833.40","5,878.80","5,878.80","5,722.80","1.18B","-0.17%"
"11-02-2016","5,843.20","6,042.40","6,042.40","5,831.10","1.02B","-3.45%"
"10-02-2016","6,051.95","6,100.80","6,102.70","6,022.20","862.71M","-1.20%"
"09-02-2016","6,125.60","6,146.00","6,154.80","6,112.10","626.44M","-1.36%"
"08-02-2016","6,209.80","6,277.75","6,302.20","6,195.60","626.02M","-0.97%"
"05-02-2016","6,270.50","6,201.45","6,280.15","6,191.30","694.94M","1.36%"
"04-02-2016","6,186.25","6,213.25","6,236.85","6,154.05","752.74M","0.33%"
"03-02-2016","6,166.20","6,198.55","6,209.95","6,159.25","910.13M","-1.38%"
"02-02-2016","6,252.20","6,351.60","6,359.15","6,235.15","758.16M","-1.41%"
"01-02-2016","6,341.60","6,367.35","6,374.55","6,330.80","624.96M","0.03%"
"29-01-2016","6,339.45","6,228.05","6,346.20","6,228.05","825.58M","1.76%"
"28-01-2016","6,230.00","6,235.05","6,261.85","6,224.80","896.94M","-0.20%"
"27-01-2016","6,242.40","6,263.25","6,271.70","6,221.50","619.84M","0.13%"
"25-01-2016","6,234.45","6,259.80","6,275.50","6,226.40","556.60M","0.29%"
"22-01-2016","6,216.70","6,157.70","6,222.75","6,137.45","703.58M","2.05%"
"21-01-2016","6,092.05","6,171.20","6,196.30","6,067.30","805.56M","-0.39%"
"20-01-2016","6,115.75","6,163.20","6,163.20","6,055.30","794.26M","-1.76%"
"19-01-2016","6,225.20","6,172.45","6,243.10","6,156.05","731.44M","1.24%"
"18-01-2016","6,149.15","6,247.20","6,273.20","6,139.70","867.50M","-1.81%"
"15-01-2016","6,262.40","6,400.90","6,403.05","6,257.25","784.24M","-1.82%"
"14-01-2016","6,378.20","6,334.80","6,433.95","6,304.10","794.01M","-0.59%"
"13-01-2016","6,415.95","6,445.65","6,467.00","6,294.30","1.03B","0.16%"
"12-01-2016","6,405.45","6,471.00","6,471.10","6,391.80","708.06M","-0.72%"
"11-01-2016","6,451.85","6,434.00","6,485.05","6,395.65","731.89M","-0.60%"
"08-01-2016","6,490.85","6,483.95","6,512.35","6,466.70","682.28M","0.68%"
"07-01-2016","6,446.85","6,550.40","6,550.40","6,437.90","794.45M","-2.43%"
"06-01-2016","6,607.65","6,645.05","6,660.30","6,593.05","813.46M","-0.48%"
"05-01-2016","6,639.50","6,659.85","6,664.10","6,614.95","865.89M","0.13%"
"04-01-2016","6,630.80","6,729.50","6,748.40","6,622.50","817.61M","-1.82%"
"01-01-2016","6,753.65","6,723.10","6,758.55","6,707.45","560.27M","0.43%"